"distance","totalkia","low","high","best","type","dist_nearest_town","wd_provid","dist_nearest_city","wd_pop","incorrectcasualties"
21536.0217044607,9,4,9,4,"Explosive Hazard",42.9278006819831,24,42.9278006819831,0,0
4449.86942997612,14,11,13,13,"Enemy Action",3.65627733746826,5,15.2838982828822,704,1
1349.6813871987,2,0,2,0,"Explosive Hazard",44.563309258536,22,104.114438542363,0,0
44291.6457245128,5,5,5,5,"Explosive Hazard",30.0884889088123,18,42.0535045504403,10070,0
71087.1231275353,20,13,13,13,"Enemy Action",26.6933600050553,13,33.261144288756,18,1
49395.2714057056,10,0,8,0,"Enemy Action",26.6933600050553,13,33.261144288756,635,1
49537.5719000012,8,10,10,10,"Enemy Action",26.6933600050553,13,33.261144288756,719,1
244.346298116455,6,6,6,6,"Explosive Hazard",6.80538375989064,3,6.80538375989064,421,0
1907.03615310666,5,2,4,4,"Explosive Hazard",4.68260668764471,1,5.49698256368615,6083,1
1698.10415894771,1,7,7,7,"Explosive Hazard",0.716451494454642,1,0.716451494454642,55281,1
580.641642848361,0,0,13,0,"Enemy Action",0.270596707251377,2,37.4900049788485,437,0
1765.35165022777,1,1,1,1,"Enemy Action",0.720139788040799,3,0.720139788040799,3592,0
13202.4731262139,1,1,1,1,"Explosive Hazard",0.716451494454642,1,0.716451494454642,400,0
11753.8352270329,4,3,3,3,"Explosive Hazard",0.716451494454642,1,0.716451494454642,466,1
11730.1183096557,1,1,1,1,"Explosive Hazard",7.06088176291556,9,7.06088176291556,9363,0
30468.6915998123,0,1,1,1,"Enemy Action",7.84075427226779,10,7.84075427226779,124,1
6283.97432375856,0,2,2,2,"Enemy Action",7.84075427226779,10,7.84075427226779,0,1
29182.5000544759,1,1,1,1,"Explosive Hazard",7.84075427226779,10,7.84075427226779,404,0
53486.3067260954,0,1,1,1,"Enemy Action",7.84075427226779,10,7.84075427226779,399,1
30498.0485323046,3,1,1,1,"Enemy Action",0.49213284683059,10,3.53419572763447,12,1
6068.65232858094,1,4,4,4,"Friendly Action",14.7937019618431,10,14.9299248806889,0,1
695.19301078482,1,1,1,1,"Explosive Hazard",10.8682056268584,10,25.5422482068931,162,0
5205.63849490958,0,5,6,5,"Friendly Action",2.84059539119634,10,25.1347826760458,572,1
6628.19988126861,11,17,110,110,"Enemy Action",8.73405147844135,30,67.1200321321237,145,1
13441.3071243602,0,6,6,6,"Enemy Action",8.73405147844135,30,67.1200321321237,49,1
10600.6329658946,1,0,1,0,"Friendly Action",18.242346854865,10,18.242346854865,1,0
5830.57634641703,1,1,1,1,"Explosive Hazard",9.4777673476781,10,31.7660540215399,9,0
2013.9688268165,0,0,4,0,"Enemy Action",9.32179461812027,10,24.2266420244017,47,0
18286.7658955065,2,0,12,0,"Friendly Action",7.60601084646443,10,8.96398619660873,22298,0
6277.99907220202,3,3,3,3,"Friendly Action",9.10895935998078,10,23.3042401552255,12,0
25755.9741477724,1,2,2,2,"Explosive Hazard",45.4331485499456,20,72.1186990453069,9,1
68651.587348169,4,3,3,3,"Explosive Hazard",58.8282505560551,20,88.7479943342747,55,1
6701.92060548613,12,6,12,6,"Enemy Action",23.8058566384983,4,46.3729327471791,138,0
4245.95047903969,0,0,7,0,"Enemy Action",12.0878856891696,5,35.6285455551546,145,0
12899.3501949603,1,1,1,1,"Enemy Action",23.8058566384983,4,46.3729327471791,123,0
6944.56238646612,2,2,2,2,"Explosive Hazard",1.72218852872678,8,16.8547464767773,175,0
6125.60151362789,1,10,10,10,"Explosive Hazard",11.9612563199771,32,101.840504087563,264,1
6188.36932299686,0,2,2,2,"Explosive Hazard",11.9612563199771,32,101.840504087563,264,1
3069.44595987303,3,3,3,3,"Explosive Hazard",2.68516754892518,7,74.2700996602041,8859,0
6688.78327018462,7,7,7,7,"Explosive Hazard",1.72218852872678,8,16.8547464767773,22,0
1922.81070139414,1,1,1,1,"Explosive Hazard",6.28800688618284,8,10.9576296678199,2255,0
31256.9791390735,1,1,1,1,"Explosive Hazard",73.1259955186651,21,73.1259955186651,785,0
115536.107718766,0,2,2,2,"Friendly Action",37.6801917633483,21,37.6801917633483,354,1
30248.6614811511,10,30,50,30,"Friendly Action",73.1259955186651,21,73.1259955186651,136,1
21945.4240768655,6,6,6,6,"Explosive Hazard",50.7888597805117,26,152.911903613331,130,0
4016.23207767277,8,2,23,2,"Enemy Action",39.7020210986658,26,141.697580471991,531,0
20751.6391114611,0,0,11,0,"Explosive Hazard",37.2188691821676,26,104.789832102045,12,0
4483.18529389675,0,12,23,12,"Friendly Action",27.0013727002648,26,135.082097635902,37,1
17463.7859747681,2,1,1,1,"Explosive Hazard",45.8317592726247,25,98.033084007576,1,1
12319.5049984922,35,35,35,35,"Explosive Hazard",59.8735371536999,25,116.932517880575,421,0
18060.3436020781,0,3,22,3,"Enemy Action",26.5517084556979,6,55.4048314423936,37,1
48940.0598900906,12,0,11,11,"Enemy Action",52.1683404967112,29,130.578876538606,725,1
69526.3369115501,1,2,2,2,"Explosive Hazard",52.1683404967112,29,130.578876538606,472,1
3594.60430275204,1,1,1,1,"Explosive Hazard",21.3259594768689,7,72.1975449773675,143,0
65909.1421109511,4,4,4,4,"Enemy Action",36.1658765375632,6,67.0136721354503,1500,0
65390.0729305718,3,2,2,2,"Enemy Action",36.1658765375632,6,67.0136721354503,1500,1
59763.6740076691,1,1,2,1,"Explosive Hazard",14.0674615669904,6,62.9925462986092,127,0
2120.17173309189,1,1,1,1,"Explosive Hazard",6.00502303283634,29,79.4595760338984,36,0
6709.17162223012,2,2,2,2,"Enemy Action",6.00502303283634,29,79.4595760338984,147,0
2941.9568398207,3,3,3,3,"Explosive Hazard",21.0452179697899,7,67.9245199097085,18,0
14117.0268550713,1,2,8,2,"Explosive Hazard",3.89104763366852,7,59.5351580672749,60,1
1462.95734942434,4,4,6,4,"Explosive Hazard",3.89104763366852,7,59.5351580672749,6861,0
2770.76104808211,3,3,3,3,"Enemy Action",3.89104763366852,7,59.5351580672749,1149,0
6258.90045237071,4,3,3,3,"Enemy Action",6.35476293106439,29,112.376286915174,126,1
11858.5256059937,0,1,1,1,"Enemy Action",19.3735315613742,29,123.173735119706,3,1
1213.6858747206,15,0,10,0,"Explosive Hazard",19.3735315613742,29,123.173735119706,34,1
13255.2086191554,3,3,3,3,"Friendly Action",19.3735315613742,29,123.173735119706,14,0
9277.7282068006,4,1,1,1,"Enemy Action",0.126857250464159,29,109.580955632299,95,1
72881.4515232693,17,1,1,1,"Enemy Action",36.1658765375632,6,67.0136721354503,129,1
70882.3796100887,7,1,1,1,"Enemy Action",36.1658765375632,6,67.0136721354503,44,1
6551.65297944725,11,0,19,0,"Friendly Action",5.32164903723717,29,100.563389845719,5,0
1130.41500943481,4,4,4,4,"Explosive Hazard",0.793045889628276,29,60.1731012671049,1,0
2764.70970624193,2,2,2,2,"Explosive Hazard",8.04563379819886,29,96.7131036379249,152,0
13065.7665126281,0,0,7,0,"Enemy Action",32.3281128019381,29,135.859223303162,11,0
86513.2724572309,1,22,22,22,"Enemy Action",19.7975076586879,29,123.124535983075,6,1
11647.540322892,2,2,2,2,"Explosive Hazard",4.7356399532614,32,114.853887555085,163,0
21560.794817759,1,1,1,1,"Explosive Hazard",5.78182393637669,32,110.829084490376,256,0
54285.9721425756,2,4,4,4,"Enemy Action",7.31908558611142,6,20.2978864363583,51,1
1797.26311360635,4,4,4,4,"Explosive Hazard",9.1887994907673,32,121.830139214698,132,0
1071.38891951673,1,1,1,1,"Explosive Hazard",0.314441575881995,32,109.777266787373,424,0
350.205022983425,14,20,20,20,"Explosive Hazard",0.314441575881995,32,109.777266787373,17022,1
592.313101299757,1,1,1,1,"Explosive Hazard",0.314441575881995,32,109.777266787373,21130,0
33668.4229676196,9,2,2,2,"Enemy Action",37.6801917633483,21,37.6801917633483,175,1
43717.0838494904,2,2,2,2,"Enemy Action",37.6801917633483,21,37.6801917633483,138,0
37052.1458789422,10,1,1,1,"Enemy Action",37.6801917633483,21,37.6801917633483,92,1
43604.9649632571,1,1,1,1,"Enemy Action",37.6801917633483,21,37.6801917633483,138,0
63849.2561434055,1,1,1,1,"Explosive Hazard",37.6801917633483,21,37.6801917633483,655,0
64167.1883994409,1,1,1,1,"Explosive Hazard",37.6801917633483,21,37.6801917633483,16,0
1375.51654216524,12,7,12,12,"Explosive Hazard",1.15929191722558,23,1.15929191722558,3375,0
6938.13840456008,7,8,8,8,"Enemy Action",1.15929191722558,23,1.15929191722558,58,1
755.777181961303,0,2,2,2,"Enemy Action",1.15929191722558,23,1.15929191722558,11500,1
43263.0803701705,7,4,4,4,"Explosive Hazard",27.1553885174726,23,27.1553885174726,173,1
32198.2572483997,11,13,13,13,"Enemy Action",27.1553885174726,23,27.1553885174726,348,1
23978.3213954977,0,0,15,0,"Explosive Hazard",5.61250825141256,23,36.5309224087755,1,0
20783.5490211467,0,1,1,1,"Explosive Hazard",1.48606943009975,23,33.0145527895937,102,1
2516.3242515418,7,6,6,6,"Explosive Hazard",1.15929191722558,23,1.15929191722558,86,1
5291.20232797576,1,1,1,1,"Explosive Hazard",1.15929191722558,23,1.15929191722558,10,0
6240.9664543717,1,1,1,1,"Explosive Hazard",8.56177770419602,23,12.9322134356593,193,0
3934.86355814651,1,1,1,1,"Enemy Action",8.56177770419602,23,12.9322134356593,1360,0
6636.37649742603,1,1,1,1,"Enemy Action",8.56177770419602,23,12.9322134356593,297,0
3127.46252566545,1,1,1,1,"Enemy Action",8.56177770419602,23,12.9322134356593,1247,0
4980.68256827329,1,1,1,1,"Explosive Hazard",8.56177770419602,23,12.9322134356593,193,0
5814.27255710206,1,1,1,1,"Explosive Hazard",1.19038595954045,23,12.6803311225936,164,0
33832.207185336,1,2,2,2,"Explosive Hazard",27.1553885174726,23,27.1553885174726,276,1
15563.1700227492,1,1,1,1,"Explosive Hazard",1.19038595954045,23,12.6803311225936,40,0
47469.84676874,3,5,5,5,"Enemy Action",27.1553885174726,23,27.1553885174726,279,1
32885.3293321823,1,1,1,1,"Enemy Action",27.1553885174726,23,27.1553885174726,348,0
91521.4915914875,11,11,11,11,"Explosive Hazard",37.6801917633483,21,37.6801917633483,0,0
18851.6569082927,5,5,5,5,"Explosive Hazard",111.517080238125,21,134.677141414011,5,0
9839.04575383192,1,1,1,1,"Explosive Hazard",1.15929191722558,23,1.15929191722558,114,0
12467.3612252921,2,2,2,2,"Explosive Hazard",1.15929191722558,23,1.15929191722558,59,0
29805.3604634472,0,1,1,1,"Explosive Hazard",19.0493120643109,23,19.3294532114665,196,1
19616.8932788658,3,3,3,3,"Explosive Hazard",1.15929191722558,23,1.15929191722558,533,0
35636.6608089953,1,3,3,3,"Explosive Hazard",27.1553885174726,23,27.1553885174726,196,1
17800.4869026218,3,0,6,0,"Explosive Hazard",5.61250825141256,23,36.5309224087755,3,0
17636.2499945802,2,3,3,3,"Explosive Hazard",6.74804894160875,23,104.718815348072,22,1
14668.499441292,1,1,1,1,"Explosive Hazard",5.61250825141256,23,36.5309224087755,27,0
15506.54967813,1,1,1,1,"Enemy Action",15.5292507306774,23,76.2596360595182,0,0
17258.6943936098,1,1,1,1,"Enemy Action",15.5292507306774,23,76.2596360595182,147,0
182.043339200651,3,3,3,3,"Explosive Hazard",0.670701857570001,23,70.9725094175876,80,0
737.561378957489,1,1,1,1,"Explosive Hazard",0.670701857570001,23,70.9725094175876,80,0
2945.46857570887,0,1,1,1,"Explosive Hazard",0.670701857570001,23,70.9725094175876,220,1
9313.53287472289,0,3,3,3,"Explosive Hazard",1.99196736216965,24,1.99196736216965,152,1
59442.3367764048,1,1,1,1,"Explosive Hazard",11.2904025004971,24,11.2904025004971,22,0
102.247328007248,4,2,2,2,"Explosive Hazard",21.8673959029125,24,27.132428462741,166,1
8874.89840064696,1,1,1,1,"Enemy Action",6.74804894160875,23,104.718815348072,206,0
20983.9682781212,4,5,5,5,"Enemy Action",6.74804894160875,23,104.718815348072,212,1
21668.1915553774,1,1,1,1,"Explosive Hazard",1.48606943009975,23,33.0145527895937,55,0
97742.1810997415,0,3,3,3,"Friendly Action",20.2075874551724,24,25.729665086701,1094,1
34742.2220233582,10,1,1,1,"Explosive Hazard",8.92545513236307,23,86.1744726502916,5,1
30981.625364008,4,4,4,4,"Explosive Hazard",6.05853083141199,5,17.5331057413894,186,0
76751.6887357251,1,2,2,2,"Friendly Action",60.7026051775966,24,66.3740033545547,1,1
116013.045410796,0,6,6,6,"Explosive Hazard",60.7026051775966,24,66.3740033545547,20,1
15572.9696463245,1,1,1,1,"Explosive Hazard",20.5548352673854,23,108.663618143616,1365,0
74743.9245987615,0,1,1,1,"Explosive Hazard",60.7026051775966,24,66.3740033545547,204,1
10064.8415906603,1,1,1,1,"Enemy Action",6.74804894160875,23,104.718815348072,35,0
19107.985276199,5,5,5,5,"Enemy Action",5.61250825141256,23,36.5309224087755,86,0
169854.504839892,2,1,1,1,"Explosive Hazard",53.8618160541434,23,58.1612279384174,35,1
165806.757209916,0,1,1,1,"Explosive Hazard",53.8618160541434,23,58.1612279384174,0,1
120751.19479132,1,1,1,1,"Explosive Hazard",53.8618160541434,23,58.1612279384174,532,0
7861.17454311701,0,1,1,1,"Explosive Hazard",0.670701857570001,23,70.9725094175876,320,1
90057.9700454003,1,1,1,1,"Friendly Action",4.02055301576648,23,91.1566890213234,29,0
25581.3554791238,0,3,3,3,"Enemy Action",9.03177138273357,23,62.1052049243977,61,1
219595.839438445,7,0,5,5,"Explosive Hazard",31.2170402410551,26,113.276071712134,0,1
187634.779846927,2,2,2,2,"Enemy Action",10.9823597731219,23,97.689670015162,266,0
177717.020058939,0,1,1,1,"Explosive Hazard",0.947232635144771,23,88.5421227597078,17,1
178639.119599425,5,7,7,7,"Enemy Action",12.2524546767717,23,101.296837573831,26,1
161213.974666849,1,1,1,1,"Explosive Hazard",27.6593037244789,23,91.1030798764352,81,0
126626.921993805,1,1,1,1,"Explosive Hazard",16.6183060195008,23,54.7570028867599,16,0
175505.567755542,3,1,1,1,"Explosive Hazard",31.4098077694053,23,105.926580023799,146,1
119273.511475459,3,5,5,5,"Enemy Action",16.4671035531973,23,47.5504497132321,69,1
66512.3378461885,1,1,1,1,"Explosive Hazard",60.7026051775966,24,66.3740033545547,145,0
28286.7286191305,5,5,5,5,"Explosive Hazard",19.0493120643109,23,19.3294532114665,3310,0
4192.24109616064,4,3,4,3,"Explosive Hazard",5.61250825141256,23,36.5309224087755,2477,0
617.788861469174,20,24,24,24,"Explosive Hazard",1.48606943009975,23,33.0145527895937,3310,1
11259.8073206542,8,4,4,4,"Explosive Hazard",13.0702681846457,23,38.7049531060152,3310,1
56866.0713108114,1,1,1,1,"Enemy Action",44.8869080756159,24,46.3688491564231,235,0
14210.9171091013,3,5,5,5,"Enemy Action",19.3987244316232,24,21.4828704196457,66,1
5298.55596355243,3,2,2,2,"Explosive Hazard",11.2904025004971,24,11.2904025004971,50,1
373.552619693892,2,2,2,2,"Explosive Hazard",8.20949441394907,24,8.20949441394907,754,0
1047.32919944049,3,3,3,3,"Explosive Hazard",1.30251851120041,24,1.30251851120041,36096,0
4831.74127581652,11,9,9,9,"Explosive Hazard",1.99196736216965,24,1.99196736216965,266,1
1835.46799213172,12,15,17,15,"Explosive Hazard",1.30251851120041,24,1.30251851120041,31850,1
2860.35230971946,3,1,1,1,"Explosive Hazard",1.30251851120041,24,1.30251851120041,36096,1
4127.27173226319,2,3,3,3,"Explosive Hazard",1.99196736216965,24,1.99196736216965,465,1
67198.573469286,5,6,6,6,"Enemy Action",44.8869080756159,24,46.3688491564231,117,1
7301.37492196722,0,3,3,3,"Explosive Hazard",19.3987244316232,24,21.4828704196457,130,1
2319.73870045927,2,1,1,1,"Explosive Hazard",3.11660672506019,24,3.11660672506019,8984,1
14424.7531052584,7,5,6,5,"Friendly Action",11.2904025004971,24,11.2904025004971,1000,1
5310.70216575586,8,8,12,8,"Friendly Action",11.2904025004971,24,11.2904025004971,193,0
105395.275818262,1,1,1,1,"Explosive Hazard",60.7026051775966,24,66.3740033545547,0,0
5704.37184167468,3,0,2,0,"Explosive Hazard",12.0482200960336,24,12.0482200960336,624,1
59282.8895292793,1,1,1,1,"Explosive Hazard",60.7026051775966,24,66.3740033545547,217,0
10153.2357536338,4,0,8,0,"Explosive Hazard",11.2904025004971,24,11.2904025004971,108,0
12358.2716840783,1,1,1,1,"Explosive Hazard",11.2904025004971,24,11.2904025004971,194,0
16591.8217098986,1,1,1,1,"Enemy Action",0.110161132156904,20,0.110161132156904,11,0
5560.68959117355,1,1,1,1,"Explosive Hazard",1.30251851120041,24,1.30251851120041,17,0
18584.1035436511,6,6,6,6,"Enemy Action",31.2948363650121,21,41.5121707268163,472,0
11119.2269668009,6,4,18,10,"Friendly Action",31.2948363650121,21,41.5121707268163,89,0
10713.8715859373,1,10,10,10,"Enemy Action",26.9495960358314,20,73.412698030112,214,1
53528.6373204984,1,2,5,2,"Enemy Action",52.5356282754132,20,100.005314307072,14,1
22820.9169122621,4,4,4,4,"Explosive Hazard",26.9495960358314,20,73.412698030112,5,0
22476.8164967707,0,0,28,0,"Enemy Action",26.9495960358314,20,73.412698030112,127,0
61594.3919538725,0,1,1,1,"Explosive Hazard",44.8869080756159,24,46.3688491564231,117,1
5115.9326434408,2,1,5,1,"Enemy Action",14.1189068013356,29,73.8830034358,131,0
13647.7643862358,1,1,1,1,"Explosive Hazard",3.23859954626881,16,15.3523418852657,9,0
8825.7339469513,0,1,1,1,"Enemy Action",6.69523473223755,16,35.6410186770701,137,1
15800.9837540053,4,3,4,3,"Enemy Action",6.69523473223755,16,35.6410186770701,4013,0
17439.4600830836,4,3,3,3,"Explosive Hazard",6.69523473223755,16,35.6410186770701,353,1
18311.9167683252,0,3,3,3,"Enemy Action",6.69523473223755,16,35.6410186770701,2299,1
16287.5393207927,18,18,18,18,"Enemy Action",14.120977509024,14,32.6327292572461,9926,0
9474.95098879636,19,0,18,0,"Enemy Action",14.120977509024,14,32.6327292572461,167,1
170.174171085803,1,7,7,7,"Enemy Action",0.794708758281278,14,50.8207552428417,5891,1
7670.58388935563,3,0,15,0,"Enemy Action",0.794708758281278,14,50.8207552428417,464,0
4852.77743375715,3,4,4,4,"Explosive Hazard",45.4331485499456,20,72.1186990453069,0,1
5119.19687784153,15,4,4,4,"Enemy Action",25.283521124789,6,121.122396553045,94,1
9951.79319040978,7,4,4,4,"Explosive Hazard",11.2904025004971,24,11.2904025004971,96,1
6572.01211196331,1,1,1,1,"Explosive Hazard",11.2904025004971,24,11.2904025004971,225,0
12246.4409746917,9,8,8,8,"Explosive Hazard",11.2904025004971,24,11.2904025004971,888,1
12527.634132942,1,1,1,1,"Explosive Hazard",11.2904025004971,24,11.2904025004971,36,0
9058.38217448291,1,1,1,1,"Explosive Hazard",11.2904025004971,24,11.2904025004971,24,0
20120.3613915552,2,2,2,2,"Explosive Hazard",45.8317592726247,25,98.033084007576,15,0
37476.7205344962,4,4,4,4,"Explosive Hazard",45.8317592726247,25,98.033084007576,0,0
3989.9875350956,4,10,10,10,"Friendly Action",14.7937019618431,10,14.9299248806889,21,1
694.53785812763,1,2,2,2,"Enemy Action",0.49213284683059,10,3.53419572763447,10272,1
38000.5683647664,1,1,1,1,"Enemy Action",7.84075427226779,10,7.84075427226779,249,0
7957.12056707639,0,0,4,4,"Enemy Action",14.7937019618431,10,14.9299248806889,22298,0
50428.7329446091,5,0,15,15,"Enemy Action",33.2839861919138,25,33.2839861919138,28,0
3146.92174407471,2,3,3,3,"Explosive Hazard",22.42941470621,25,22.42941470621,65,1
88.4554499168112,1,1,1,1,"Explosive Hazard",0.0342410940157013,15,55.1170922595342,4148,0
255.001133652761,7,2,9,9,"Friendly Action",13.5532708943374,13,13.5532708943374,799,0
23338.7877547218,0,1,1,1,"Explosive Hazard",23.2381657519204,13,23.2381657519204,719,1
16217.8440991389,9,0,19,0,"Enemy Action",23.2381657519204,13,23.2381657519204,799,0
18991.1743619695,4,1,18,1,"Enemy Action",23.2381657519204,13,23.2381657519204,169,0
53626.1583187742,1,1,1,1,"Enemy Action",6.5029686438212,1,18.0937849127739,131,0
213.458562117417,3,60,135,80,"Enemy Action",41.3680059221992,21,41.3680059221992,87,1
26137.7644096349,16,4,4,4,"Enemy Action",73.1259955186651,21,73.1259955186651,100,1
13769.0116356484,0,1,1,1,"Enemy Action",37.6801917633483,21,37.6801917633483,16,1
28965.1636257977,2,11,19,11,"Enemy Action",73.1259955186651,21,73.1259955186651,98,1
58840.4828949391,0,1,1,1,"Explosive Hazard",37.6801917633483,21,37.6801917633483,9,1
31205.6497756314,1,1,1,1,"Explosive Hazard",73.1259955186651,21,73.1259955186651,785,0
28908.3883732399,4,4,4,4,"Enemy Action",73.1259955186651,21,73.1259955186651,98,0
62195.3295711236,0,1,1,1,"Explosive Hazard",37.6801917633483,21,37.6801917633483,34,1
49576.5966377029,4,4,4,4,"Explosive Hazard",37.6801917633483,21,37.6801917633483,8,0
20178.2250184281,3,5,5,5,"Explosive Hazard",73.1259955186651,21,73.1259955186651,1,1
62125.6635460126,1,1,1,1,"Explosive Hazard",37.6801917633483,21,37.6801917633483,34,0
38091.8647398299,14,5,5,5,"Explosive Hazard",37.6801917633483,21,37.6801917633483,3065,1
12133.4930124211,2,2,2,2,"Explosive Hazard",11.6813565521322,10,40.6694554489534,730,0
10562.9783048109,21,28,28,28,"Enemy Action",11.6813565521322,10,40.6694554489534,112,1
12380.1039763001,3,3,3,3,"Enemy Action",11.6813565521322,10,40.6694554489534,252,0
13854.1524958426,0,8,29,29,"Enemy Action",41.5675691926165,30,98.6006876011426,816,1
13838.6870808874,5,1,1,1,"Enemy Action",41.5675691926165,30,98.6006876011426,816,1
12072.5308394024,4,8,16,8,"Friendly Action",41.5675691926165,30,98.6006876011426,1,1
13874.0777103447,0,25,25,25,"Enemy Action",41.5675691926165,30,98.6006876011426,816,1
3663.30838037952,2,1,3,1,"Explosive Hazard",3.47031017989644,8,3.73822130908153,371,0
64664.1640451071,1,1,1,1,"Enemy Action",49.8873443405479,22,158.000202733599,17,0
761.189648968759,3,3,3,3,"Explosive Hazard",1.72218852872678,8,16.8547464767773,380,0
26870.8656991883,5,5,5,5,"Explosive Hazard",6.28800688618284,8,10.9576296678199,4526,0
28770.8557087717,1,1,1,1,"Enemy Action",6.28800688618284,8,10.9576296678199,3128,0
64304.9035717558,4,4,4,4,"Enemy Action",6.28800688618284,8,10.9576296678199,11,0
19490.6827387008,2,4,5,4,"Enemy Action",28.3274391449194,14,28.3274391449194,41,1
21219.5112385259,0,17,17,17,"Enemy Action",28.3274391449194,14,28.3274391449194,164,1
21871.1030603202,1,1,1,1,"Enemy Action",28.3274391449194,14,28.3274391449194,296,0
28158.9326072196,56,56,99,99,"Friendly Action",28.3274391449194,14,28.3274391449194,173,0
17851.6292145172,0,4,4,4,"Enemy Action",28.3274391449194,14,28.3274391449194,481,1
20824.2251775331,1,5,5,5,"Enemy Action",28.3274391449194,14,28.3274391449194,507,1
27894.1893656646,6,4,4,4,"Enemy Action",28.3274391449194,14,28.3274391449194,282,1
22493.8774256568,0,1,1,1,"Enemy Action",28.3274391449194,14,28.3274391449194,571,1
10955.0985262575,2,2,2,2,"Explosive Hazard",11.0902964739847,14,11.0902964739847,413,0
6630.79735551632,5,4,4,4,"Explosive Hazard",3.14522798399682,5,22.3172235270287,18,1
10843.3158000588,1,4,4,4,"Explosive Hazard",12.0878856891696,5,35.6285455551546,23,1
132623.805342939,1,1,1,1,"Explosive Hazard",44.1455756235033,25,153.114839284937,41,0
1139.15367377171,0,1,1,1,"Explosive Hazard",27.7072036388357,26,136.016373112262,129,1
22682.8458894253,3,3,3,3,"Explosive Hazard",27.062060862412,13,27.062060862412,127,0
65733.2191871392,2,1,1,1,"Explosive Hazard",60.7026051775966,24,66.3740033545547,77,1
68971.6121496347,0,4,4,4,"Explosive Hazard",60.7026051775966,24,66.3740033545547,36096,1
76711.0398169091,3,3,3,3,"Explosive Hazard",60.7026051775966,24,66.3740033545547,700,0
88369.699444778,1,1,1,1,"Explosive Hazard",60.7026051775966,24,66.3740033545547,95,0
93225.0571750302,1,2,2,2,"Explosive Hazard",60.7026051775966,24,66.3740033545547,106,1
61198.2039923792,5,4,4,4,"Explosive Hazard",60.7026051775966,24,66.3740033545547,568,1
38152.3549761534,4,4,4,4,"Explosive Hazard",60.7026051775966,24,66.3740033545547,0,0
2404.42215651419,4,3,5,3,"Explosive Hazard",19.101912444374,24,19.101912444374,197,0
78856.7683221899,9,4,12,9,"Explosive Hazard",60.7026051775966,24,66.3740033545547,1,0
71379.0696978172,1,1,1,1,"Explosive Hazard",60.7026051775966,24,66.3740033545547,373,0
70102.7505089773,1,2,2,2,"Explosive Hazard",60.7026051775966,24,66.3740033545547,736,1
101869.866094137,1,1,1,1,"Explosive Hazard",60.7026051775966,24,66.3740033545547,0,0
71534.5400493854,4,4,4,4,"Explosive Hazard",60.7026051775966,24,66.3740033545547,700,0
102244.315216095,1,1,1,1,"Explosive Hazard",60.7026051775966,24,66.3740033545547,1,0
60670.4333084334,1,4,4,4,"Explosive Hazard",60.7026051775966,24,66.3740033545547,0,1
698.5606786466,1,0,1,0,"Enemy Action",10.8682056268584,10,25.5422482068931,153,0
7094.40595317422,2,2,2,2,"Friendly Action",2.84059539119634,10,25.1347826760458,19,0
17758.5036067114,11,10,10,10,"Enemy Action",2.84059539119634,10,25.1347826760458,2,1
3903.48341754298,6,6,6,6,"Enemy Action",2.84059539119634,10,25.1347826760458,132,0
2060.51454873734,1,10,10,10,"Enemy Action",12.4034917560433,17,59.4867745781899,23,1
9343.79815677995,1,3,3,3,"Enemy Action",9.4452109187557,17,54.5785604820086,16,1
17522.5080163488,1,1,1,1,"Enemy Action",12.4034917560433,17,59.4867745781899,3,0
15087.9991555296,3,1,1,1,"Enemy Action",18.9370155853191,9,29.6632274034506,361,1
1219.74327847299,8,8,8,8,"Explosive Hazard",18.1016809959332,8,30.3454374780439,335,0
5483.43003766732,0,2,2,2,"Explosive Hazard",37.2188691821676,26,104.789832102045,92,1
23182.9663697554,32,3,23,23,"Enemy Action",39.7020210986658,26,141.697580471991,18,1
19961.027121263,7,19,19,19,"Enemy Action",39.7020210986658,26,141.697580471991,107,1
42401.7266677668,0,1,1,1,"Enemy Action",37.5033701172422,26,108.958521291014,161,1
2542.38582519975,12,11,11,11,"Explosive Hazard",37.2188691821676,26,104.789832102045,0,1
4895.05291958202,1,1,1,1,"Explosive Hazard",37.2188691821676,26,104.789832102045,990,0
577.222703572487,1,1,1,1,"Enemy Action",37.4320233231063,13,37.4320233231063,551,0
8759.72116665907,4,4,4,4,"Explosive Hazard",15.2475837466232,11,15.2475837466232,413,0
202.746601770755,12,12,12,12,"Explosive Hazard",0.4355666265248,7,47.2695659439138,11640,0
9302.73284059843,3,3,3,3,"Explosive Hazard",0.4355666265248,7,47.2695659439138,6,0
117.209304911373,5,5,5,5,"Explosive Hazard",0.4355666265248,7,47.2695659439138,11640,0
2982.193075747,3,2,2,2,"Explosive Hazard",0.818854440436517,6,0.818854440436517,165,1
3606.23850922034,1,1,1,1,"Explosive Hazard",0.818854440436517,6,0.818854440436517,174,0
61496.999394737,1,1,1,1,"Explosive Hazard",52.1683404967112,29,130.578876538606,52,0
63867.8764234726,6,0,17,0,"Enemy Action",52.1683404967112,29,130.578876538606,12,0
16171.4479331047,1,6,6,6,"Explosive Hazard",111.517080238125,21,134.677141414011,0,1
170.174171085803,3,0,3,0,"Explosive Hazard",0.794708758281278,14,50.8207552428417,5891,0
7680.41395439644,2,3,3,3,"Enemy Action",0.794708758281278,14,50.8207552428417,409,1
24557.7158030884,10,0,10,7,"Enemy Action",0.794708758281278,14,50.8207552428417,309,0
1521.40828949016,1,1,1,1,"Explosive Hazard",0.61963922257047,20,0.61963922257047,4112,0
1880.41258527531,10,12,13,12,"Explosive Hazard",0.61963922257047,20,0.61963922257047,24992,1
608.64133689024,1,0,2,0,"Explosive Hazard",0.61963922257047,20,0.61963922257047,33240,0
1532.94575679677,4,3,5,5,"Explosive Hazard",0.61963922257047,20,0.61963922257047,2904,0
23638.8229350948,1,1,1,1,"Explosive Hazard",0.61963922257047,20,0.61963922257047,22,0
3064.67955355802,2,1,1,1,"Enemy Action",14.9701131975577,7,77.1814369883896,2172,1
3120.99232517281,1,1,1,1,"Explosive Hazard",0.219785862527921,8,0.219785862527921,781,0
13257.8072845004,4,4,4,4,"Explosive Hazard",29.7701941595746,4,29.7701941595746,127,0
10710.6613007954,2,2,2,2,"Explosive Hazard",29.7701941595746,4,29.7701941595746,101,0
18151.2060526698,1,0,11,11,"Enemy Action",70.4411548350287,19,107.189098803016,21,0
1125.97955823652,34,18,18,18,"Explosive Hazard",0.716451494454642,1,0.716451494454642,51442,1
4106.76034455793,1,1,1,1,"Explosive Hazard",0.716451494454642,1,0.716451494454642,18200,0
19473.185120881,2,2,2,2,"Explosive Hazard",0.716451494454642,1,0.716451494454642,5,0
1686.96442606568,5,8,8,8,"Explosive Hazard",0.716451494454642,1,0.716451494454642,31849,1
6785.19235841003,13,9,9,9,"Explosive Hazard",0.716451494454642,1,0.716451494454642,1274,1
1199.57418752995,3,3,5,3,"Enemy Action",0.716451494454642,1,0.716451494454642,3797,0
8514.24447124717,3,1,3,1,"Enemy Action",0.716451494454642,1,0.716451494454642,562,0
2827.7715914007,10,10,17,17,"Explosive Hazard",0.716451494454642,1,0.716451494454642,55036,0
2120.55352101937,13,18,18,18,"Explosive Hazard",0.716451494454642,1,0.716451494454642,55691,1
7705.78106960996,4,3,3,3,"Explosive Hazard",0.716451494454642,1,0.716451494454642,1637,1
712.582078778643,0,0,2,2,"Enemy Action",0.716451494454642,1,0.716451494454642,55691,0
2501.2693310781,9,8,8,8,"Explosive Hazard",0.716451494454642,1,0.716451494454642,55691,1
17685.7931764415,1,1,1,1,"Explosive Hazard",20.5548352673854,23,108.663618143616,29,0
35827.7256126496,1,2,2,2,"Explosive Hazard",14.1903426883661,12,20.6461622951346,2243,1
2024.96377345633,0,4,4,4,"Explosive Hazard",1.99196736216965,24,1.99196736216965,23584,1
823.131075211338,1,1,1,1,"Explosive Hazard",1.30251851120041,24,1.30251851120041,23888,0
7638.59697908403,1,1,1,1,"Explosive Hazard",1.30251851120041,24,1.30251851120041,888,0
732.003862037438,3,8,8,8,"Explosive Hazard",1.30251851120041,24,1.30251851120041,23888,1
2753.01396555941,2,0,1,0,"Explosive Hazard",1.30251851120041,24,1.30251851120041,233,1
38502.8902912889,2,1,1,1,"Explosive Hazard",1.30251851120041,24,1.30251851120041,103,1
987.064994968716,2,0,2,0,"Explosive Hazard",1.30251851120041,24,1.30251851120041,23584,0
1435.59865584304,47,43,43,43,"Explosive Hazard",1.30251851120041,24,1.30251851120041,36096,1
41481.3654793945,6,4,4,4,"Explosive Hazard",1.30251851120041,24,1.30251851120041,1,1
3086.94836985312,4,4,4,4,"Friendly Action",1.30251851120041,24,1.30251851120041,14975,0
61235.5020597025,1,1,1,1,"Explosive Hazard",1.30251851120041,24,1.30251851120041,16,0
1765.62082970536,8,9,9,9,"Explosive Hazard",1.30251851120041,24,1.30251851120041,31850,1
2112.36665925357,6,5,5,5,"Explosive Hazard",1.99196736216965,24,1.99196736216965,18796,1
8461.62391371339,10,7,7,7,"Explosive Hazard",36.1615386742213,24,41.3687143510994,2,1
1977.82547552983,1,1,1,1,"Enemy Action",59.5370139085258,26,155.175188246927,9,0
5384.63774400289,3,3,3,3,"Explosive Hazard",62.4860747892736,26,152.137274651153,77,0
62405.7182891223,3,1,1,1,"Explosive Hazard",56.59313036334,26,157.170580129865,0,1
62629.8826636488,3,4,4,4,"Enemy Action",45.8561480580402,22,104.435309592921,7,1
48066.5987469524,0,3,3,3,"Explosive Hazard",45.8561480580402,22,104.435309592921,5,1
1550.02546607738,5,0,3,0,"Explosive Hazard",97.0424041157025,22,97.0424041157025,18,1
128.994575978863,2,2,2,2,"Enemy Action",97.0424041157025,22,97.0424041157025,145,0
9644.54450922313,2,2,2,2,"Explosive Hazard",12.9095085380727,8,35.7174185679266,51,0
5634.36886730805,1,1,1,1,"Explosive Hazard",12.9095085380727,8,35.7174185679266,1009,0
9443.07232890633,2,2,2,2,"Explosive Hazard",12.9095085380727,8,35.7174185679266,34,0
6600.26116952571,9,9,9,9,"Explosive Hazard",12.9095085380727,8,35.7174185679266,514,0
5077.50642422319,3,2,2,2,"Explosive Hazard",0.314441575881995,32,109.777266787373,106,1
31414.8311341932,6,7,7,7,"Explosive Hazard",3.17854870652663,32,103.873298148425,16,1
10163.2803872063,5,2,5,2,"Explosive Hazard",0.314441575881995,32,109.777266787373,11,0
4836.44058480161,2,0,2,0,"Explosive Hazard",0.314441575881995,32,109.777266787373,163,0
5542.75246373483,8,7,7,7,"Explosive Hazard",0.314441575881995,32,109.777266787373,37,1
5542.75246373483,4,0,3,0,"Enemy Action",0.314441575881995,32,109.777266787373,37,1
302.882093315021,10,10,10,10,"Explosive Hazard",0.314441575881995,32,109.777266787373,17022,0
958.862411552359,8,6,6,6,"Explosive Hazard",0.314441575881995,32,109.777266787373,21130,1
150114.958703296,1,1,1,1,"Explosive Hazard",3.17854870652663,6,103.873298148425,28,0
3203.45013568285,10,9,9,9,"Explosive Hazard",0.314441575881995,32,109.777266787373,4214,1
17000.5982971613,2,4,4,4,"Explosive Hazard",3.137201719461,5,20.0062931295428,543,1
35169.1207645285,4,4,4,4,"Enemy Action",3.137201719461,5,20.0062931295428,587,0
49646.763819037,5,13,13,13,"Friendly Action",3.137201719461,5,20.0062931295428,76,1
28548.5253324704,1,1,1,1,"Explosive Hazard",3.137201719461,5,20.0062931295428,0,0
49813.4773456643,1,0,15,0,"Enemy Action",3.137201719461,5,20.0062931295428,65,0
10401.476171788,1,1,1,1,"Enemy Action",0.566001252473589,14,0.566001252473589,172,0
4662.32645590908,4,4,4,4,"Enemy Action",0.566001252473589,14,0.566001252473589,476,0
11391.7076714387,0,3,3,3,"Explosive Hazard",0.566001252473589,14,0.566001252473589,78,1
10219.682924537,6,3,3,3,"Enemy Action",0.566001252473589,14,0.566001252473589,746,1
22545.5963395315,4,6,6,6,"Explosive Hazard",0.566001252473589,14,0.566001252473589,451,1
181.956902561772,1,1,1,1,"Explosive Hazard",0.566001252473589,14,0.566001252473589,22093,0
13671.2598631501,5,4,4,4,"Enemy Action",19.7740974098229,14,19.7740974098229,174,1
21397.1288810906,6,1,1,1,"Enemy Action",1.15929191722558,23,1.15929191722558,40,1
8203.94353120952,2,2,2,2,"Explosive Hazard",1.15929191722558,23,1.15929191722558,300,0
1376.28293626394,9,0,7,0,"Enemy Action",8.78869610319572,7,56.9287186661023,105,1
1844.32059331989,2,1,1,1,"Explosive Hazard",4.00920407562313,7,63.7491050308385,101,1
3592.47637192907,3,1,1,1,"Explosive Hazard",1.67252737201837,32,101.857732430195,69,1
1371.93661951007,2,2,2,2,"Explosive Hazard",1.67252737201837,32,101.857732430195,62,0
75779.9972737612,4,4,4,4,"Explosive Hazard",65.2316915142339,4,80.869312087938,34,0
82665.5288403,1,1,1,1,"Explosive Hazard",65.2316915142339,4,80.869312087938,471,0
67436.8677221042,0,1,1,1,"Explosive Hazard",65.2316915142339,4,80.869312087938,365,1
79008.4058975634,2,2,2,2,"Explosive Hazard",65.2316915142339,4,80.869312087938,148,0
65224.7246279057,1,2,2,2,"Enemy Action",65.2316915142339,4,80.869312087938,108,1
72367.8117823178,2,2,2,2,"Explosive Hazard",65.2316915142339,4,80.869312087938,958,0
2380.57401459043,0,0,6,0,"Enemy Action",5.56694798628639,10,5.56694798628639,143,0
5247.9341737096,17,4,6,4,"Enemy Action",5.56694798628639,10,5.56694798628639,3270,1
5158.09620026647,3,3,3,3,"Explosive Hazard",3.52694598890291,4,3.52694598890291,674,0
38429.1448778682,0,7,7,7,"Explosive Hazard",22.768572093989,24,29.1850702778833,73,1
17781.0082190793,1,1,1,1,"Explosive Hazard",0.967566012138949,16,0.967566012138949,5,0
417.310219358973,4,7,7,7,"Explosive Hazard",1.29412914020549,9,15.6716651315285,4314,1
887.884142545406,24,24,24,24,"Explosive Hazard",1.29412914020549,9,15.6716651315285,40035,0
4011.81771051712,4,2,2,2,"Enemy Action",38.1293289556904,25,86.4111482062592,0,1
9396.30377808516,4,3,3,3,"Enemy Action",7.74973715205996,5,27.6697974231477,414,1
9985.60430000899,17,15,25,15,"Explosive Hazard",7.74973715205996,5,27.6697974231477,948,0
8868.48000713811,2,1,1,1,"Explosive Hazard",7.74973715205996,5,27.6697974231477,331,1
454.007132240805,2,2,2,2,"Explosive Hazard",13.0845711061043,8,35.3311930383183,2206,0
474.836768577911,4,4,4,4,"Explosive Hazard",13.0845711061043,8,35.3311930383183,2206,0
29865.57118775,3,6,6,6,"Enemy Action",0.565202751872266,19,145.686629400476,546,1
677.376817603133,37,39,39,39,"Enemy Action",30.0722285097388,19,133.855487657709,294,1
4764.50832089057,3,4,4,4,"Enemy Action",30.0722285097388,19,133.855487657709,12,1
19056.433352646,2,2,2,2,"Explosive Hazard",30.0722285097388,19,133.855487657709,27,0
29453.5898462032,3,3,3,3,"Enemy Action",30.0722285097388,19,133.855487657709,20,0
11299.252901398,5,6,6,6,"Enemy Action",30.0722285097388,19,133.855487657709,139,1
2270.0114660497,5,2,2,2,"Friendly Action",30.0722285097388,19,133.855487657709,728,1
1462.35701344741,23,18,18,18,"Enemy Action",30.0722285097388,19,133.855487657709,46,1
19140.8033107659,1,1,1,1,"Enemy Action",6.74804894160875,23,104.718815348072,836,0
10814.9198904619,3,2,2,2,"Friendly Action",6.74804894160875,23,104.718815348072,15,1
21957.0896628847,2,2,2,2,"Explosive Hazard",6.74804894160875,23,104.718815348072,0,0
11080.0625454816,0,2,2,2,"Explosive Hazard",6.74804894160875,23,104.718815348072,15,1
20424.5466617182,1,1,1,1,"Explosive Hazard",6.74804894160875,23,104.718815348072,212,0
3807.88655157603,11,1,13,1,"Enemy Action",5.98318687998319,1,17.4324360307334,6,0
38629.3696277137,4,4,4,4,"Explosive Hazard",27.1553885174726,23,27.1553885174726,196,0
9056.75926712246,18,34,60,60,"Enemy Action",0.874848767948128,23,0.874848767948128,891,1
4791.86412508413,1,1,1,1,"Explosive Hazard",1.19038595954045,23,12.6803311225936,196,0
39218.3578740334,5,5,5,5,"Explosive Hazard",27.1553885174726,23,27.1553885174726,59,0
69903.3239602484,2,3,3,3,"Enemy Action",2.71712458579806,23,2.71712458579806,516,1
34593.7695406368,5,5,5,5,"Enemy Action",27.1553885174726,23,27.1553885174726,196,0
37206.2706774177,1,1,1,1,"Explosive Hazard",27.1553885174726,23,27.1553885174726,293,0
3566.51059655403,3,3,3,3,"Explosive Hazard",5.61250825141256,23,36.5309224087755,214,0
1370.67073949445,14,9,9,9,"Explosive Hazard",1.48606943009975,23,33.0145527895937,1786,1
8308.47325843344,0,2,2,2,"Explosive Hazard",5.61250825141256,23,36.5309224087755,60,1
8029.89084665459,1,1,1,1,"Explosive Hazard",1.48606943009975,23,33.0145527895937,165,0
8811.10209265673,28,1,1,1,"Explosive Hazard",1.48606943009975,23,33.0145527895937,165,1
13625.9423605381,1,1,1,1,"Explosive Hazard",1.48606943009975,23,33.0145527895937,55,0
6829.3545165818,2,12,12,12,"Explosive Hazard",5.61250825141256,23,36.5309224087755,214,1
15164.010543102,0,4,4,4,"Explosive Hazard",5.61250825141256,23,36.5309224087755,1,1
13791.0280964513,1,1,1,1,"Explosive Hazard",1.48606943009975,23,33.0145527895937,533,0
12580.7060312344,10,9,11,9,"Explosive Hazard",5.61250825141256,23,36.5309224087755,165,0
2532.02007776635,10,1,1,1,"Enemy Action",13.0702681846457,23,38.7049531060152,20,1
17242.6219476886,2,2,2,2,"Explosive Hazard",5.61250825141256,23,36.5309224087755,0,0
17908.657764372,2,3,3,3,"Explosive Hazard",5.61250825141256,23,36.5309224087755,2,1
17265.0593174178,1,1,1,1,"Enemy Action",1.48606943009975,23,33.0145527895937,24,0
16938.5218980051,0,0,20,0,"Enemy Action",5.61250825141256,23,36.5309224087755,24,0
19129.9966057196,0,1,1,1,"Explosive Hazard",1.48606943009975,23,33.0145527895937,776,1
20412.7123624935,7,3,3,3,"Enemy Action",5.61250825141256,23,36.5309224087755,43,1
3791.35825027988,7,4,4,4,"Friendly Action",26.9051823697453,23,99.2855065135627,0,1
23476.2068289538,7,0,8,0,"Enemy Action",26.4784058839899,23,27.0942196804411,409,0
25446.7339170703,8,8,8,8,"Enemy Action",26.4784058839899,23,27.0942196804411,57,0
16736.4113653576,10,6,6,6,"Enemy Action",2.507130373996,2,30.0653575975916,212,1
24601.4218723271,7,7,7,7,"Explosive Hazard",2.507130373996,2,30.0653575975916,854,0
16220.2843868015,3,5,5,5,"Explosive Hazard",2.507130373996,2,30.0653575975916,212,1
5682.91227040646,1,1,1,1,"Enemy Action",2.507130373996,2,30.0653575975916,8282,0
15373.1568555225,1,0,2,0,"Explosive Hazard",2.507130373996,2,30.0653575975916,457,0
4162.05089940508,0,2,2,2,"Explosive Hazard",11.8419883487192,4,11.8419883487192,32,1
5849.10610364219,4,2,2,2,"Explosive Hazard",11.8419883487192,4,11.8419883487192,140,1
96596.2322498325,0,1,1,1,"Explosive Hazard",64.0697203315257,20,88.1116634764351,1023,1
84867.8212434716,2,1,1,1,"Explosive Hazard",64.0697203315257,20,88.1116634764351,163,1
70051.4170567324,18,1,22,22,"Friendly Action",64.0697203315257,20,88.1116634764351,15,0
1758.89379952136,2,1,1,1,"Enemy Action",6.34079833939643,29,82.4239461851023,85,1
11438.0258929164,2,2,2,2,"Explosive Hazard",12.8480466021831,8,40.9101494857783,2214,0
9031.74951316642,5,5,5,5,"Explosive Hazard",4.91971512060593,1,4.91971512060593,2914,0
7725.62987357125,3,0,4,0,"Explosive Hazard",19.3987244316232,24,21.4828704196457,7,0
57765.5138099534,9,6,6,6,"Enemy Action",44.8869080756159,24,46.3688491564231,7,1
16276.4973906556,1,1,1,1,"Explosive Hazard",19.3987244316232,24,21.4828704196457,13,0
11230.3561918144,6,7,7,7,"Enemy Action",19.3987244316232,24,21.4828704196457,155,1
1909.56346810758,8,0,6,0,"Enemy Action",23.1466557367534,24,23.1466557367534,1,1
70803.7493048971,6,4,4,4,"Enemy Action",44.8869080756159,24,46.3688491564231,101,1
16344.8532563421,3,2,2,2,"Explosive Hazard",19.3987244316232,24,21.4828704196457,935,1
63051.0910888532,0,1,1,1,"Enemy Action",44.8869080756159,24,46.3688491564231,153,1
9301.62038887848,1,2,2,2,"Explosive Hazard",19.3987244316232,24,21.4828704196457,137,1
681.787297371131,3,3,3,3,"Explosive Hazard",1.93896034999906,24,1.93896034999906,307,0
10634.9973966101,1,1,1,1,"Explosive Hazard",19.3987244316232,24,21.4828704196457,21,0
57470.0268590563,0,3,3,3,"Explosive Hazard",44.8869080756159,24,46.3688491564231,281,1
11351.8140032423,6,1,1,1,"Explosive Hazard",19.3987244316232,24,21.4828704196457,73,1
58410.2433644049,1,1,1,1,"Explosive Hazard",44.8869080756159,24,46.3688491564231,363,0
7402.29974544232,2,1,1,1,"Explosive Hazard",17.6770650980635,24,17.6770650980635,117,1
18065.6191084634,0,0,6,0,"Enemy Action",37.9050061801063,20,51.9212269510687,0,0
5719.64842481835,5,6,8,8,"Explosive Hazard",2.77211292328833,5,2.77211292328833,359,1
42582.0078978831,5,4,4,4,"Explosive Hazard",0.183706038969352,13,0.183706038969352,4,1
7605.74671144839,4,1,1,1,"Enemy Action",8.7724827930811,13,8.7724827930811,180,1
11254.7034854932,10,0,12,0,"Enemy Action",2.59448666577599,21,12.8733419145696,0,0
43984.0153620015,16,0,22,0,"Enemy Action",2.59448666577599,21,12.8733419145696,82,0
8405.21242888956,0,1,1,1,"Enemy Action",2.59448666577599,21,12.8733419145696,503,1
57820.6132383801,0,2,2,2,"Explosive Hazard",2.59448666577599,21,12.8733419145696,18,1
79999.5458743987,10,7,7,7,"Enemy Action",56.7259011094358,19,135.696238350486,6,1
58205.0406768167,1,1,1,1,"Enemy Action",56.7259011094358,19,135.696238350486,224,0
70730.1773763819,0,2,2,2,"Enemy Action",56.7259011094358,19,135.696238350486,9,1
77159.5282768417,6,8,8,8,"Enemy Action",56.7259011094358,19,135.696238350486,728,1
13390.1751258848,0,2,2,2,"Enemy Action",45.9334680792714,19,136.656805103469,704,1
32111.4328589679,0,13,13,13,"Explosive Hazard",0.178222141780439,19,110.346722074268,24,1
15045.1050090113,4,3,3,3,"Enemy Action",19.4728060868377,14,49.18373400151,0,1
12065.8626150216,0,2,2,2,"Enemy Action",19.4728060868377,14,49.18373400151,105,1
15586.117725507,6,9,9,9,"Enemy Action",19.4728060868377,14,49.18373400151,163,1
34632.7264639165,4,3,3,3,"Explosive Hazard",36.3058423811516,25,67.7173348548252,23,1
19113.9297665663,1,1,1,1,"Explosive Hazard",0.636887732653711,25,57.0623391982774,48,0
40264.9662662979,1,2,17,2,"Enemy Action",36.3058423811516,25,67.7173348548252,15,1
13829.1356275279,2,2,2,2,"Explosive Hazard",14.42668011193,25,64.9484798257921,31,0
12836.155159622,12,21,21,21,"Friendly Action",0.636887732653711,25,57.0623391982774,105,1
25079.8407685411,2,2,2,2,"Explosive Hazard",36.3058423811516,25,67.7173348548252,109,0
68509.6735135124,6,2,2,2,"Enemy Action",36.3058423811516,25,67.7173348548252,68,1
33596.7208035602,5,4,4,4,"Enemy Action",36.3058423811516,25,67.7173348548252,86,1
67711.1155241288,17,1,1,1,"Enemy Action",0.636887732653711,25,57.0623391982774,0,1
36326.7157952569,1,2,2,2,"Enemy Action",36.1658765375632,6,67.0136721354503,3010,1
38836.4406683726,6,5,5,5,"Explosive Hazard",14.0674615669904,6,62.9925462986092,2,1
19622.713571055,3,5,5,5,"Enemy Action",10.6718828972703,6,54.3552302791135,134,1
54584.1290179882,7,4,7,4,"Explosive Hazard",14.0674615669904,6,62.9925462986092,78,0
36442.8310551355,2,2,2,2,"Enemy Action",36.1658765375632,6,67.0136721354503,3010,0
10882.192903532,1,2,2,2,"Enemy Action",8.62644257584739,9,29.129499546003,155,1
7710.5402232915,0,2,2,2,"Enemy Action",6.96744115436536,9,25.9396035317036,155,1
5630.44863799626,0,0,4,0,"Enemy Action",8.62644257584739,9,29.129499546003,167,0
33114.3389920606,1,1,1,1,"Explosive Hazard",63.0079548855417,23,73.4771669957857,0,0
162583.297097884,1,1,1,1,"Enemy Action",53.8618160541434,23,58.1612279384174,19,0
163808.887671401,2,2,2,2,"Explosive Hazard",53.8618160541434,23,58.1612279384174,3136,0
97838.1229530878,16,16,16,16,"Enemy Action",53.8618160541434,23,58.1612279384174,53,0
35062.6489715413,2,2,2,2,"Explosive Hazard",63.0079548855417,23,73.4771669957857,1,0
163862.775771626,2,2,2,2,"Explosive Hazard",53.8618160541434,23,58.1612279384174,16,0
19166.0096191092,0,1,1,1,"Enemy Action",63.0079548855417,23,73.4771669957857,392,1
162476.213520389,1,1,1,1,"Explosive Hazard",53.8618160541434,23,58.1612279384174,19,0
105589.413619859,3,3,3,3,"Explosive Hazard",53.8618160541434,23,58.1612279384174,214,0
39875.7499105766,2,2,2,2,"Explosive Hazard",53.8618160541434,23,58.1612279384174,61,0
84237.830225653,1,1,1,1,"Enemy Action",53.8618160541434,23,58.1612279384174,91,0
24231.2441299477,0,1,1,1,"Explosive Hazard",53.8618160541434,23,58.1612279384174,197,1
154143.297864489,0,2,2,2,"Explosive Hazard",53.8618160541434,23,58.1612279384174,0,1
16345.6282372859,0,2,2,2,"Explosive Hazard",53.8618160541434,23,58.1612279384174,538,1
43665.258170928,0,1,1,1,"Explosive Hazard",63.0079548855417,23,73.4771669957857,0,1
74248.5221047957,1,1,1,1,"Explosive Hazard",53.8618160541434,23,58.1612279384174,196,0
87144.7368781822,1,1,1,1,"Explosive Hazard",53.8618160541434,23,58.1612279384174,1198,0
53802.1583998778,1,2,2,2,"Enemy Action",53.8618160541434,23,58.1612279384174,24,1
86811.3061781911,1,1,1,1,"Explosive Hazard",53.8618160541434,23,58.1612279384174,337,0
17852.5105516359,0,3,3,3,"Explosive Hazard",53.8618160541434,23,58.1612279384174,58,1
19037.7871456176,1,1,1,1,"Enemy Action",53.8618160541434,23,58.1612279384174,1586,0
16229.737955338,2,2,2,2,"Enemy Action",53.8618160541434,23,58.1612279384174,89,0
16690.3787441061,1,1,1,1,"Explosive Hazard",53.8618160541434,23,58.1612279384174,89,0
16504.3208230507,2,1,1,1,"Explosive Hazard",53.8618160541434,23,58.1612279384174,89,1
19893.6192641953,1,1,1,1,"Explosive Hazard",53.8618160541434,23,58.1612279384174,197,0
63479.8482887572,1,1,1,1,"Enemy Action",53.8618160541434,23,58.1612279384174,32,0
159219.258739267,4,1,1,1,"Enemy Action",53.8618160541434,23,58.1612279384174,94,1
56292.4795058587,3,1,1,1,"Explosive Hazard",53.8618160541434,23,58.1612279384174,68,1
89973.5682314704,1,1,1,1,"Explosive Hazard",53.8618160541434,23,58.1612279384174,71,0
93973.9819540145,1,4,4,4,"Friendly Action",53.8618160541434,23,58.1612279384174,83,1
81295.8145318412,1,4,4,4,"Enemy Action",53.8618160541434,23,58.1612279384174,293,1
15599.9242852652,2,4,4,4,"Enemy Action",53.8618160541434,23,58.1612279384174,65,1
87769.9381419148,0,1,1,1,"Explosive Hazard",53.8618160541434,23,58.1612279384174,0,1
18106.9600382582,0,1,1,1,"Explosive Hazard",53.8618160541434,23,58.1612279384174,150,1
79485.6244292218,0,1,1,1,"Enemy Action",53.8618160541434,23,58.1612279384174,1524,1
19377.8067523831,0,1,1,1,"Explosive Hazard",53.8618160541434,23,58.1612279384174,7,1
115038.430307156,1,1,1,1,"Explosive Hazard",53.8618160541434,23,58.1612279384174,149,0
72938.4093942367,1,3,3,3,"Enemy Action",53.8618160541434,23,58.1612279384174,196,1
163820.512136906,1,1,1,1,"Explosive Hazard",53.8618160541434,23,58.1612279384174,149,0
52401.3775918988,1,1,1,1,"Explosive Hazard",53.8618160541434,23,58.1612279384174,25,0
18763.3981279027,0,1,1,1,"Explosive Hazard",53.8618160541434,23,58.1612279384174,1586,1
15529.4741412459,1,1,1,1,"Explosive Hazard",53.8618160541434,23,58.1612279384174,157,0
17715.4961972627,0,1,1,1,"Explosive Hazard",53.8618160541434,23,58.1612279384174,472,1
87736.4632602358,1,1,1,1,"Explosive Hazard",53.8618160541434,23,58.1612279384174,1198,0
68466.5226232838,1,2,2,2,"Explosive Hazard",150.631735289496,24,151.169084356223,0,1
8858.86101059108,3,4,4,4,"Enemy Action",3.89331836380512,32,95.3903420118258,121,1
6815.65937900605,2,2,2,2,"Friendly Action",3.89331836380512,32,95.3903420118258,743,0
11280.662987212,1,3,3,3,"Enemy Action",15.5292507306774,23,76.2596360595182,7371,1
12022.5884896968,1,1,1,1,"Explosive Hazard",15.5292507306774,23,76.2596360595182,449,0
16656.5538337758,1,1,1,1,"Explosive Hazard",15.5292507306774,23,76.2596360595182,85,0
65057.0887483005,1,1,1,1,"Explosive Hazard",0.670701857570001,23,70.9725094175876,57,0
2174.37556902906,5,5,5,5,"Explosive Hazard",0.670701857570001,23,70.9725094175876,85,0
14437.3104293654,0,1,1,1,"Explosive Hazard",15.5292507306774,23,76.2596360595182,85,1
3701.64365532423,1,1,1,1,"Explosive Hazard",0.670701857570001,23,70.9725094175876,46,0
1294.98374523844,3,3,3,3,"Explosive Hazard",0.670701857570001,23,70.9725094175876,21,0
1665.7758861724,1,2,2,2,"Explosive Hazard",0.670701857570001,23,70.9725094175876,145,1
6511.33614531012,1,1,1,1,"Explosive Hazard",0.670701857570001,23,70.9725094175876,36,0
9641.5341924713,1,1,1,1,"Explosive Hazard",15.5292507306774,23,76.2596360595182,36,0
2191.68733029602,1,1,1,1,"Enemy Action",0.670701857570001,23,70.9725094175876,100,0
16331.3054603691,2,3,3,3,"Friendly Action",15.5292507306774,23,76.2596360595182,64,1
13965.107940062,4,6,6,6,"Explosive Hazard",15.5292507306774,23,76.2596360595182,32,1
17350.0717882816,2,1,1,1,"Enemy Action",15.5292507306774,23,76.2596360595182,147,1
12307.4748074661,1,1,1,1,"Enemy Action",15.5292507306774,23,76.2596360595182,88,0
200184.310086968,1,1,1,1,"Enemy Action",1.29652539767104,1,105.64819359197,2,0
8209.34802370954,0,7,7,7,"Enemy Action",9.31522505451918,4,35.1598100920396,29,1
19868.4892343583,8,9,9,9,"Friendly Action",9.31522505451918,4,35.1598100920396,12,1
21582.1636757487,0,1,1,1,"Explosive Hazard",9.31522505451918,4,35.1598100920396,0,1
23022.4491758652,3,3,3,3,"Enemy Action",9.31522505451918,4,35.1598100920396,904,0
1246.08946045674,5,5,5,5,"Enemy Action",9.31522505451918,4,35.1598100920396,144,0
16015.4751623598,3,2,2,2,"Explosive Hazard",9.31522505451918,4,35.1598100920396,23,1
3574.16373005109,5,4,5,5,"Enemy Action",9.31522505451918,4,35.1598100920396,87,0
33838.6581336468,3,1,1,1,"Enemy Action",9.05061614110794,7,45.7057015127409,384,1
39181.5443522591,1,1,1,1,"Explosive Hazard",39.4991474038731,24,58.1193208278406,96,0
36945.5861770873,2,3,3,3,"Explosive Hazard",39.4991474038731,24,58.1193208278406,20,1
15261.3790237802,30,4,6,4,"Enemy Action",39.4991474038731,24,58.1193208278406,95,1
1448.6923873094,9,7,7,7,"Explosive Hazard",66.6272982135667,25,100.101166062156,16,1
244.728330175315,1,3,3,3,"Explosive Hazard",66.6272982135667,25,100.101166062156,925,1
841.872646991988,1,2,2,2,"Explosive Hazard",66.6272982135667,25,100.101166062156,128,1
1364.59728980674,3,2,2,2,"Explosive Hazard",66.6272982135667,25,100.101166062156,16,1
68586.3439578275,3,3,3,3,"Explosive Hazard",64.9479406587878,25,64.9479406587878,0,0
8185.4210996511,0,1,1,1,"Enemy Action",53.5638055423123,25,53.5638055423123,115,1
108229.679568384,0,5,5,5,"Enemy Action",59.7983959800658,25,59.7983959800658,0,1
2914.81042068251,2,2,2,2,"Explosive Hazard",12.2894371488132,29,57.2860902508562,163,0
5854.195904556,4,4,4,4,"Explosive Hazard",0.793045889628276,29,60.1731012671049,1,0
2641.92732300556,6,4,6,6,"Explosive Hazard",12.2894371488132,29,57.2860902508562,163,0
3544.68491271889,2,2,2,2,"Explosive Hazard",12.2894371488132,29,57.2860902508562,147,0
34639.6269676246,0,0,6,0,"Explosive Hazard",19.6947032447457,17,19.6947032447457,84,0
43349.353701797,1,0,1,0,"Enemy Action",19.6947032447457,17,19.6947032447457,165,0
78347.8887867806,12,4,25,4,"Friendly Action",19.6947032447457,17,19.6947032447457,40,0
14032.412913544,1,0,3,0,"Explosive Hazard",18.3399800662992,20,98.1597976214372,123,0
26138.9013329261,0,1,1,1,"Explosive Hazard",30.5591774399859,25,30.5591774399859,41,1
27052.045008774,4,4,22,4,"Enemy Action",30.5591774399859,25,30.5591774399859,0,0
10433.5412422722,2,2,3,2,"Enemy Action",2.57578300859372,18,37.0566421738915,38,0
3663.85581401676,3,3,3,3,"Explosive Hazard",18.6294486100883,7,73.0221677276626,120,0
4684.68951552622,0,1,1,1,"Explosive Hazard",0.246023297657566,24,7.6837852587927,0,1
5489.68129001175,9,9,9,9,"Explosive Hazard",0.246023297657566,24,7.6837852587927,0,0
161948.677815984,4,5,5,5,"Explosive Hazard",20.7610934020389,24,26.4831598090955,0,1
45482.2428578985,2,2,2,2,"Explosive Hazard",20.7610934020389,24,26.4831598090955,0,0
9915.93009852245,1,0,4,4,"Enemy Action",3.9233459866612,12,16.9022161318827,340,0
14038.0741914796,3,0,3,0,"Explosive Hazard",9.65753606025908,32,111.446390821221,25,0
11343.1532189397,3,3,3,3,"Explosive Hazard",42.2960116175219,25,68.3727932359468,3,0
45485.9102761156,2,2,2,2,"Explosive Hazard",51.4664193166088,25,62.2718144588995,14,0
4390.89780286832,22,22,22,22,"Enemy Action",9.29991211673987,32,101.075061441792,19,0
11626.0169400392,2,2,2,2,"Explosive Hazard",6.5949852476587,32,106.88318935123,37,0
6384.18012531886,3,2,2,2,"Explosive Hazard",9.29991211673987,32,101.075061441792,71,1
5384.89516865123,1,1,1,1,"Explosive Hazard",6.5949852476587,32,106.88318935123,144,0
13321.212915963,1,1,1,1,"Explosive Hazard",6.5949852476587,32,106.88318935123,40,0
7490.7917429785,0,1,1,1,"Enemy Action",8.66850821976618,32,110.082645067868,121,1
17130.4409599976,1,1,1,1,"Enemy Action",1.80418390066961,26,110.342978142795,19,0
2116.95835536987,23,22,22,22,"Explosive Hazard",1.80418390066961,26,110.342978142795,0,1
9371.14488439446,1,1,1,1,"Enemy Action",1.80418390066961,26,110.342978142795,276,0
47874.764632055,1,1,1,1,"Explosive Hazard",1.80418390066961,26,110.342978142795,10,0
4569.15743268216,1,0,7,7,"Explosive Hazard",5.58104776854019,26,113.724738303172,1990,0
54567.3713223532,12,12,12,12,"Enemy Action",1.80418390066961,26,110.342978142795,24,0
40441.7951403871,0,8,8,8,"Enemy Action",1.80418390066961,26,110.342978142795,610,1
54149.9183017185,12,23,23,23,"Friendly Action",1.80418390066961,26,110.342978142795,4,1
7472.98766803252,1,1,1,1,"Explosive Hazard",1.80418390066961,26,110.342978142795,138,0
952.843900250376,2,2,2,2,"Explosive Hazard",1.80418390066961,26,110.342978142795,1003,0
11978.4796898753,0,1,1,1,"Explosive Hazard",1.80418390066961,26,110.342978142795,139,1
472.268960751568,2,2,2,2,"Explosive Hazard",1.80418390066961,26,110.342978142795,1990,0
6305.42277915541,2,2,2,2,"Explosive Hazard",1.80418390066961,26,110.342978142795,60,0
61631.1697643549,8,4,4,4,"Enemy Action",18.9387291958427,30,55.3590938244734,816,1
9669.76543556938,1,1,1,1,"Explosive Hazard",24.2651720485134,23,33.2384165637298,0,0
5754.77166122131,1,1,1,1,"Explosive Hazard",24.2651720485134,23,33.2384165637298,0,0
33.1223151135473,3,3,3,3,"Explosive Hazard",2.12994044234361,22,159.238924910019,488,0
2105.13485183731,2,3,3,3,"Explosive Hazard",2.12994044234361,22,159.238924910019,4840,1
14815.10665351,3,2,2,2,"Explosive Hazard",47.6141538418363,29,94.8521797706374,65,1
532.46524759533,17,7,33,13,"Enemy Action",0.494934408649397,29,94.0686354983723,447,0
6900.03372104203,3,1,1,1,"Enemy Action",23.4796634807926,6,114.352916210537,136,1
7615.60159360322,40,0,40,0,"Friendly Action",24.4299064018289,6,113.518653482937,691,0
30124.5741331206,0,31,31,31,"Enemy Action",15.1089621666106,9,25.0727477965087,0,1
52122.0837585433,1,1,1,1,"Explosive Hazard",9.06759033712866,13,9.06759033712866,340,0
52113.9991452936,1,2,2,2,"Explosive Hazard",7.67011323298191,13,7.67011323298191,17309,1
27556.6884945101,4,0,1,0,"Enemy Action",21.6046491813664,17,27.0275577870699,152,1
7967.83784285175,11,11,11,11,"Enemy Action",6.09030592152263,24,12.7552929886731,1532,0
577.279940192088,0,19,19,19,"Enemy Action",2.25601025947634,24,2.63227737582592,111,1
29772.4423686041,0,18,18,18,"Enemy Action",14.6657860632281,24,14.6657860632281,42,1
147570.416446872,9,12,12,12,"Enemy Action",54.4462818537692,23,69.9690872445148,0,1
17413.0145969086,3,3,3,3,"Explosive Hazard",6.49141398870007,24,10.477052121809,583,0
9088.06886076775,27,0,24,0,"Friendly Action",10.4582643386852,10,12.5090250308052,25,1
23636.1490012691,5,5,10,5,"Enemy Action",8.6408717373167,10,16.5397146878046,0,0
33078.0853105361,5,5,5,5,"Explosive Hazard",9.1716833123964,10,31.8552317156007,219,0
270.85459041421,1,1,1,1,"Enemy Action",32.8084979426663,5,57.6274718392598,41,0
40352.992718573,1,1,1,1,"Explosive Hazard",7.03320268372199,2,39.3931785041507,194,0
10877.4941195833,2,3,3,3,"Explosive Hazard",1.10752300964859,3,1.10752300964859,3822,1
1881.37516081979,1,1,1,1,"Explosive Hazard",2.22279066617337,1,12.7599270759401,171,0
48883.2248580667,1,9,9,9,"Enemy Action",17.4394994365083,1,24.5622326945572,70,1
5004.18621541674,1,2,2,2,"Explosive Hazard",13.9195674324609,32,105.033738194914,465,1
62404.2034919833,5,0,31,0,"Enemy Action",27.0942013931189,21,27.0942013931189,111,0
130717.235198869,3,0,15,0,"Enemy Action",87.2502373587749,21,87.5254795137916,3421,0
18472.8222827414,8,8,8,8,"Friendly Action",88.7697152754489,21,88.7697152754489,0,0
16227.7927321016,1,1,1,1,"Explosive Hazard",89.6800174930533,21,89.6800174930533,478,0
15111.567082362,1,1,1,1,"Explosive Hazard",39.434824060604,21,39.434824060604,642,0
37961.1930372598,1,1,1,1,"Explosive Hazard",35.5452889946027,21,35.5452889946027,2,0
43182.3310905317,3,10,13,10,"Enemy Action",76.0860354597898,21,76.9727428741045,36,1
55915.4122517,4,4,4,4,"Explosive Hazard",84.4910109550936,21,84.4910109550936,6,0
36539.0381313995,1,2,2,2,"Enemy Action",68.9026949767593,21,68.9026949767593,160,1
49374.599776386,1,1,1,1,"Explosive Hazard",78.273339141478,21,78.273339141478,7,0
21092.3925847961,2,0,3,0,"Enemy Action",20.6378664711567,21,20.6378664711567,23,0
20236.8246084237,0,20,20,20,"Enemy Action",52.9095301989347,21,52.9095301989347,139,1
34343.7180600084,0,3,3,3,"Enemy Action",81.9039908702649,21,81.9039908702649,1,1
38114.0549113695,4,4,4,4,"Enemy Action",71.1981469861987,21,71.1981469861987,14,0
8745.60156342103,0,0,3,0,"Enemy Action",24.2075081001313,29,129.763066703216,15,0
7299.1706993389,0,2,2,2,"Explosive Hazard",1.13614798646028,8,3.66818922717244,310,1
81399.7425880859,1,1,1,1,"Explosive Hazard",9.15641849327668,24,9.88182801089039,87,0
70882.8179075122,2,1,1,1,"Explosive Hazard",16.2301421740864,24,20.1190670900622,26,1
3653.54498437102,2,2,2,2,"Explosive Hazard",18.6724811567555,24,18.6724811567555,0,0
160803.218669353,4,0,4,0,"Friendly Action",2.91041635664311,23,92.1238073713803,29,0
145345.004225882,11,31,31,31,"Enemy Action",47.2901076226206,24,81.9197644956724,2,1
126300.314740666,11,10,10,10,"Explosive Hazard",46.2010259896213,24,64.8520213996852,7,1
72664.0149554874,3,3,3,3,"Explosive Hazard",14.3369826181667,24,14.3369826181667,10,0
184672.779456562,1,1,1,1,"Explosive Hazard",20.2094169676918,25,68.8269210493596,0,0
45409.6379005786,3,3,3,3,"Explosive Hazard",14.2140772882525,24,14.2140772882525,10,0
132836.653233086,5,5,5,5,"Enemy Action",34.0025628823439,24,60.4563672762127,114,0
71369.9068540418,2,1,1,1,"Explosive Hazard",3.55427774138431,24,6.10778715698328,152,1
72575.9684443874,3,3,3,3,"Enemy Action",6.88511740323734,24,6.88511740323734,117,0
72095.6535557227,3,3,3,3,"Explosive Hazard",5.62694411326555,24,9.43258665793534,583,0
1006.37307676262,1,1,1,1,"Enemy Action",8.03437873091834,10,18.875789607601,94,0
9465.09136317183,4,4,4,4,"Enemy Action",37.6626506135316,26,114.173091958477,95,0
8691.92652692755,0,8,8,8,"Enemy Action",36.2147826910454,26,113.145790891206,122,1
9939.20605245536,0,9,9,9,"Friendly Action",36.2744490341399,26,114.357993602347,121,1
4622.08583295474,20,0,25,22,"Explosive Hazard",38.030655073686,26,109.404371744954,990,0
8898.05065136546,18,15,15,15,"Enemy Action",45.1349188509571,26,143.316390427091,16,1
15155.6001268186,12,12,12,12,"Enemy Action",41.1264140937177,26,155.305122192517,756,0
15998.4820422794,0,18,38,18,"Enemy Action",31.3388898461012,26,99.0053615772223,22,1
10152.8097373551,1,1,1,1,"Explosive Hazard",62.718731326517,29,105.972969473852,20,0
377.327312540084,1,1,1,1,"Explosive Hazard",1.44088767826266,21,1.44088767826266,18077,0
1536.35597459587,7,7,7,7,"Enemy Action",31.4376814947803,23,42.1977761939928,127,0
108395.638675897,5,3,3,3,"Enemy Action",36.3343908504403,23,49.456113011174,275,1
7872.92013334287,9,9,9,9,"Enemy Action",54.3259964789322,6,119.608947204073,0,0
5440.51499855966,0,4,13,4,"Friendly Action",1.64515506834833,6,6.18339232423581,4,1
2099.08160735198,4,2,3,3,"Explosive Hazard",1.96766021968463,6,2.8740169639798,603,1
82340.6845073636,3,3,3,3,"Explosive Hazard",36.7493708952158,6,82.9924255326758,1,0
665.526748083632,3,3,3,3,"Explosive Hazard",1.43952915363396,6,1.43952915363396,15631,0
19513.4602038134,17,20,20,20,"Enemy Action",41.8085128403765,19,89.7261306644308,90,1
49744.695692175,1,3,3,3,"Enemy Action",42.0157360876046,6,91.5971028189986,1,1
7135.29414693854,3,8,8,8,"Enemy Action",19.4165226058434,6,52.6359931387181,25,1
25386.7018476378,21,0,20,0,"Enemy Action",4.42446385845675,6,45.4037575084998,77,1
97340.2877615832,2,2,2,2,"Enemy Action",0.272000804937301,29,93.4208834868578,447,0
52963.581468155,2,2,2,2,"Explosive Hazard",53.2283000421513,29,97.9431119228993,81,0
54644.0487707028,1,2,2,2,"Friendly Action",24.2075081001313,29,129.763066703216,15,1
38780.9226607955,1,21,21,21,"Enemy Action",76.0827789910268,29,129.516188545854,0,1
67164.5873918134,3,1,1,1,"Friendly Action",19.3745561394802,29,122.652280599195,6,1
131893.037717015,1,1,1,1,"Enemy Action",40.5686338181956,21,61.7076234197126,0,0
1575.65459532517,1,1,1,1,"Explosive Hazard",1.05591146560376,20,11.4368236192073,14,0
17415.0665990993,1,1,1,1,"Explosive Hazard",5.19015424135302,20,15.6699045008815,72,0
14486.2008310808,1,1,1,1,"Explosive Hazard",2.25484186002052,20,12.7330536582799,116,0
126523.961836371,4,4,4,4,"Explosive Hazard",51.6933524770595,20,100.281862992399,1,0
3969.75812851266,1,1,1,1,"Enemy Action",17.7532970889238,7,77.0807061870075,67,0
17481.0582454812,2,3,3,3,"Explosive Hazard",4.40686868660973,6,8.62904691908669,954,1
220391.062419252,7,0,9,0,"Explosive Hazard",2.67025902712254,9,15.9496652920725,90,0
4286.67663901594,6,4,5,5,"Explosive Hazard",0.582403015938917,32,90.9281910854649,148,1
362.875000694602,3,3,3,3,"Explosive Hazard",0.438475069400814,8,0.438475069400814,11541,0
6332.33157068209,0,0,1,0,"Explosive Hazard",1.80846293470473,8,6.51997750193615,201,0
32270.8328105681,9,10,12,12,"Explosive Hazard",1.29596580438554,8,1.29596580438554,1060,1
11638.6613457571,0,21,21,21,"Enemy Action",19.890097070239,4,19.890097070239,0,1
47185.8042523827,2,2,2,2,"Enemy Action",64.8327564295946,19,138.983838549903,3,0
4570.76797488532,9,9,9,9,"Explosive Hazard",4.2341981687297,1,4.2341981687297,4171,0
671.257100126512,6,4,4,4,"Explosive Hazard",0.58867632277501,1,0.58867632277501,55691,1
671.257100126512,6,3,3,3,"Explosive Hazard",0.58867632277501,1,0.58867632277501,55691,1
5725.21233793153,2,1,1,1,"Explosive Hazard",5.06516721747037,1,5.06516721747037,25593,1
781.192949398759,1,6,6,6,"Enemy Action",1.13587397661487,1,1.13587397661487,20073,1
2354.97943882071,9,7,7,7,"Friendly Action",2.68011177254967,1,2.68011177254967,468,1
9824.37329374667,1,0,1,0,"Explosive Hazard",9.57623909021329,1,9.57623909021329,2639,0
4494.55669068109,5,4,4,4,"Explosive Hazard",4.32185460105573,1,4.32185460105573,1094,1
6830.36407498329,1,1,1,1,"Explosive Hazard",6.67838953394578,1,6.67838953394578,49139,0
2884.53628831693,1,1,1,1,"Explosive Hazard",3.13342434485989,1,3.13342434485989,11776,0
6307.18852093192,1,3,5,3,"Explosive Hazard",7.01819181183363,1,7.01819181183363,14,1
9808.97486018584,5,3,3,3,"Explosive Hazard",2.54167402301397,1,6.67354869256574,1113,1
14502.8479599242,1,1,1,1,"Explosive Hazard",9.84139168268523,1,9.84139168268523,742,0
12815.961533002,6,3,3,3,"Explosive Hazard",10.7641784715465,1,10.7641784715465,784,1
4386.25733780619,1,1,1,1,"Enemy Action",4.33154172934489,1,4.33154172934489,18200,0
764.513668183835,3,6,6,6,"Explosive Hazard",0.657858240981945,1,0.657858240981945,55691,1
17627.853801729,3,3,3,3,"Explosive Hazard",6.25195063640257,1,18.3337456215585,131,0
2354.69414182216,5,5,5,5,"Explosive Hazard",1.89944673417191,1,1.89944673417191,55036,0
3626.19361168199,3,3,3,3,"Explosive Hazard",3.79587163233943,1,3.79587163233943,16058,0
6263.88857678399,3,3,3,3,"Enemy Action",5.87960663669369,1,5.87960663669369,21411,0
21371.8931122308,0,1,1,1,"Explosive Hazard",0.947232635144771,23,88.5421227597078,17,1
15344.6211382367,2,5,5,5,"Enemy Action",11.8419686141093,23,100.969768666949,247,1
15650.1288760351,0,3,3,3,"Enemy Action",14.590713176969,23,103.656569404046,143,1
55293.2578339829,1,2,2,2,"Explosive Hazard",27.6593037244789,23,91.1030798764352,81,1
17877.0693286617,1,0,1,0,"Explosive Hazard",2.96674373043512,23,92.4472903524577,218,0
19212.5992606821,2,1,1,1,"Explosive Hazard",2.36657245536728,23,90.0830205268208,4,1
18500.2631948834,20,23,23,23,"Explosive Hazard",5.15423270268184,23,90.4910004428338,22,1
6746.55650407413,0,0,12,0,"Enemy Action",2.06401265343984,30,60.8850238500924,134,0
37797.9238607813,0,1,1,1,"Explosive Hazard",6.38993296408064,24,6.38993296408064,307,1
98043.058773887,2,2,2,2,"Explosive Hazard",77.6338730796309,24,80.6443951057162,0,0
7121.21214948987,56,0,100,0,"Explosive Hazard",4.57885570370667,24,4.57885570370667,603,0
807.277766773214,4,1,1,1,"Explosive Hazard",0.849518713989202,24,0.849518713989202,23888,1
47038.4291931745,1,1,1,1,"Explosive Hazard",3.65096899173738,24,3.65096899173738,18,0
2537.64541066288,1,2,2,2,"Explosive Hazard",3.3010618358533,24,3.3010618358533,8984,1
1259.05351698094,8,6,9,9,"Explosive Hazard",1.43561079976645,24,1.43561079976645,23888,0
3840.21283555523,1,1,1,1,"Explosive Hazard",3.08269465761388,24,3.08269465761388,947,0
3737.00202431626,0,2,2,2,"Explosive Hazard",2.86439616784515,24,2.86439616784515,213,1
3949.48413639689,1,15,15,15,"Explosive Hazard",3.16026856195687,24,3.16026856195687,11159,1
13508.9666685274,1,16,16,16,"Explosive Hazard",3.16026856195687,24,3.16026856195687,11159,1
21087.4055451635,5,4,4,4,"Explosive Hazard",12.7284154871145,24,16.5980596444305,115,1
849.48035190696,4,7,8,7,"Explosive Hazard",0.58975761810686,24,0.58975761810686,38219,1
4076.71450997469,3,3,3,3,"Explosive Hazard",4.90921800538645,24,4.90921800538645,665,0
686.525360126719,6,7,7,7,"Explosive Hazard",1.66204168499981,24,1.66204168499981,18796,1
36455.9148118344,6,15,15,15,"Enemy Action",8.62731840434737,24,8.62731840434737,144,1
2824.67289879772,4,4,4,4,"Explosive Hazard",1.92951789426011,24,1.92951789426011,36096,0
33478.5657257171,2,6,6,6,"Explosive Hazard",12.7223844088193,24,12.7223844088193,97,1
38149.6923711419,13,7,7,7,"Explosive Hazard",33.1407633562038,22,133.542049462157,0,1
68726.0712402726,0,2,2,2,"Enemy Action",27.3205135139863,24,27.3205135139863,138,1
270.900297579884,4,3,3,3,"Explosive Hazard",6.05574339700159,10,31.5860527905684,58,1
9130.27323206304,26,32,32,32,"Enemy Action",63.8036738017499,26,149.358207584618,40,1
7449.52198570092,33,33,33,33,"Enemy Action",63.8540099048206,26,153.257027446458,616,0
7601.35887034707,1,11,11,11,"Enemy Action",63.9231091132884,26,152.886320839654,616,1
10102.4760245194,3,3,3,3,"Enemy Action",66.5511487152109,26,152.427120776641,50,0
12786.9117494125,0,8,8,8,"Friendly Action",44.2899503723243,26,161.307303480285,21,1
6101.34844808257,5,0,3,0,"Explosive Hazard",51.4304738322489,22,106.982494564362,5,1
1410.31029915437,16,13,18,18,"Explosive Hazard",95.702874683425,22,95.702874683425,18,0
6193.03298437346,16,20,20,20,"Explosive Hazard",10.6352762964929,8,29.5459842504218,278,1
9140.37419851483,1,1,1,1,"Explosive Hazard",8.41528835482416,8,26.7645243431663,16,0
16539.15683807,2,2,2,2,"Explosive Hazard",6.52299344615149,32,97.9815868611719,34,0
16376.8611676529,2,2,2,2,"Explosive Hazard",6.56119309438245,32,98.0005390848919,34,0
20232.4634612854,1,1,1,1,"Enemy Action",0.464944408106961,32,91.6806750020022,1295,0
28510.3963545558,3,4,4,4,"Explosive Hazard",16.6188029678469,32,122.405148144741,62,1
9531.28471885807,1,1,1,1,"Explosive Hazard",2.8084982714792,32,102.798440604105,62,0
21864.5602433349,4,4,4,4,"Explosive Hazard",9.97842607928013,32,118.536990385944,10,0
11494.0978277803,2,1,1,1,"Explosive Hazard",2.22177875902029,32,101.482436021434,62,1
7505.15857247621,1,0,2,0,"Explosive Hazard",4.92807020413401,32,105.241431566829,1920,0
16539.15683807,2,2,2,2,"Explosive Hazard",6.52299344615149,32,97.9815868611719,34,0
7505.15857247621,1,2,2,2,"Explosive Hazard",4.92807020413401,32,105.241431566829,1920,1
7226.2101064682,7,6,6,6,"Explosive Hazard",4.7150302604467,32,105.582346437702,137,1
22965.8599161564,1,1,1,1,"Enemy Action",8.07364993929332,32,83.6725123713146,4,0
6101.22375424248,10,13,13,13,"Explosive Hazard",1.9120124040218,32,110.968504803515,42,1
4974.26067745492,16,9,9,9,"Explosive Hazard",1.95192171859603,32,111.858089331009,106,1
23083.4174232954,10,13,13,13,"Enemy Action",1.59063194636326,32,108.366940842423,141,1
14995.5307373456,0,3,3,3,"Enemy Action",5.20253952345633,32,93.3137176669207,68,1
790.242684843684,1,1,1,1,"Explosive Hazard",0.53966700747013,32,109.669384641176,21130,0
29047.9859980839,7,10,10,10,"Explosive Hazard",5.51976079962545,32,94.9067137645366,98,1
875.150636687305,0,2,2,2,"Explosive Hazard",1.17780928171595,32,110.503627852051,2120,1
2267.71305712865,6,6,6,6,"Explosive Hazard",1.97945871061162,32,107.828300963034,62,0
10480.2076927358,17,7,7,7,"Explosive Hazard",1.75180831541252,32,103.432329614562,771,1
10480.2076927358,17,16,16,16,"Explosive Hazard",1.75180831541252,32,103.432329614562,771,1
29200.9358993911,1,1,1,1,"Explosive Hazard",9.07718548921957,5,29.6187016744235,0,0
21915.5570549494,2,2,2,2,"Enemy Action",8.70179745003886,5,8.70179745003886,615,0
30584.545997409,5,5,5,5,"Explosive Hazard",3.67233509856199,5,14.0020675279567,218,0
2390.96095197196,2,1,1,1,"Explosive Hazard",1.34732560551317,23,3.45581627522687,22,1
848.96735292679,7,5,5,5,"Explosive Hazard",0.829122682232462,23,0.829122682232462,5461,1
1260.28657814291,0,1,1,1,"Explosive Hazard",1.18874339714027,23,1.18874339714027,11485,1
2178.24823312047,6,3,3,3,"Explosive Hazard",1.03145986552085,23,1.03145986552085,10,1
4298.27637381606,3,5,5,5,"Explosive Hazard",1.60584553938703,23,3.25789502063085,2,1
61067.6711932788,1,2,2,2,"Explosive Hazard",35.0889151616214,23,48.7400533959865,343,1
17571.1561092678,4,4,4,4,"Explosive Hazard",16.3981725196826,23,18.6022323271564,25,0
2651.80525151637,1,1,1,1,"Explosive Hazard",2.17758641655147,23,2.17758641655147,2,0
963.474795513528,0,2,2,2,"Explosive Hazard",1.56975563734391,23,1.56975563734391,5893,1
44358.2255002281,3,1,1,1,"Explosive Hazard",26.9573849267526,23,45.4003393289259,4,1
22001.0136400462,0,6,6,6,"Enemy Action",2.25251189084005,23,3.50040076377054,3729,1
1700.6063008765,0,1,1,1,"Enemy Action",2.10165631320966,23,2.82018428207829,567,1
61915.1044435314,10,0,34,0,"Enemy Action",9.15164273133455,23,63.0742227871755,8,0
23148.4685473535,0,3,3,3,"Enemy Action",1.60745099347821,23,22.1934579556745,181,1
5578.56464761443,3,16,20,16,"Enemy Action",40.7680470731535,30,58.8185257782943,14,1
77003.4277210841,6,0,12,12,"Enemy Action",12.1323158582429,4,12.1323158582429,28,0
76032.1750430421,5,2,2,2,"Explosive Hazard",16.7314325506717,4,16.7314325506717,5,1
73343.6421909793,3,10,10,10,"Enemy Action",15.9736099154131,4,38.2107594752892,26,1
51885.8886164392,9,7,10,7,"Enemy Action",42.9278006819831,24,42.9278006819831,0,0
109992.073095665,0,12,12,12,"Enemy Action",1.48329579817613,24,1.48329579817613,104,1
16329.4620346304,10,8,8,8,"Enemy Action",13.6201581475372,24,16.6916144326394,18,1
29330.7466549182,2,3,3,3,"Explosive Hazard",34.747488667259,24,43.745139335893,0,1
10443.1143710715,4,0,4,0,"Enemy Action",30.0233335700544,24,37.1240135207976,133,0
11224.3429895315,0,3,3,3,"Enemy Action",28.9524800191201,24,33.7492968036187,1,1
25338.7581284796,4,4,4,4,"Explosive Hazard",10.2910484049878,24,10.2910484049878,1,0
1894.97314412677,0,1,1,1,"Enemy Action",39.6689583893471,25,87.1511304121777,143,1
12069.0311722512,1,4,4,4,"Enemy Action",48.1996984512056,6,97.9962681161371,85,1
20704.118319197,5,7,7,7,"Enemy Action",25.3062368972224,6,74.5143371936636,22,1
49927.2175973493,24,12,47,12,"Enemy Action",1.48369004316014,19,147.222172035709,83,0
11847.0316372709,11,13,13,13,"Enemy Action",23.2238964162116,19,144.516722216,5,1
23927.2907624823,4,8,8,8,"Enemy Action",10.7692456745504,23,85.6065341826232,50,1
675.072364871793,1,0,1,0,"Explosive Hazard",11.2683588695016,23,84.9874617275516,240,0
8258.89324514747,0,1,1,1,"Explosive Hazard",2.15532632966827,23,97.5669072841153,0,1
18189.5826353357,3,3,3,3,"Explosive Hazard",4.96615853943192,23,90.485638260835,22,0
25646.9576028615,35,0,30,0,"Enemy Action",11.7416802301572,23,100.820728967323,266,1
21317.0413325322,0,4,4,4,"Enemy Action",8.89516828344157,23,86.1347939403051,11,1
11777.1279311065,2,5,5,5,"Explosive Hazard",1.89018674665785,23,93.0609459568509,629,1
6922.74760538245,1,1,1,1,"Explosive Hazard",1.03829374849063,23,99.628182199062,29,0
635985.287613132,1,4,4,4,"Enemy Action",7.04641476181619,10,21.5194364508614,103,1
13617.010142162,1,1,1,1,"Explosive Hazard",1.71791985940738,23,93.5758348933176,133,0
18197.6672150607,1,1,1,1,"Enemy Action",4.93036649067976,23,90.6183846887399,22,0
17887.4159359277,1,1,1,1,"Explosive Hazard",4.6314138625725,23,90.8313609156608,29,0
10734.1257973941,8,11,11,11,"Explosive Hazard",1.19884298233622,23,94.1086080755072,133,1
45160.7081368553,0,2,26,26,"Enemy Action",17.8815768295296,23,22.6945374374683,18,1
31383.5443583814,1,1,1,1,"Explosive Hazard",12.8923665539393,23,12.8923665539393,182,0
9765.74954759383,3,4,4,4,"Explosive Hazard",7.81338356186629,23,7.81338356186629,182,1
68151.9889653698,0,1,1,1,"Explosive Hazard",18.5053921556804,23,48.2867071220938,49,1
100941.284393207,10,0,23,0,"Enemy Action",6.79064218767153,23,65.4391462958615,912,0
87527.924028627,0,10,10,10,"Enemy Action",19.2343163142835,23,50.684053650885,17,1
102909.541993877,9,16,16,16,"Enemy Action",9.42333987995016,23,66.0010021266273,0,1
37455.1248086403,0,0,17,0,"Enemy Action",3.10121482303782,23,9.87202301371119,180,0
49041.4920975116,13,17,17,17,"Enemy Action",14.3918497097094,23,18.8126875517601,0,1
40731.6578289084,19,0,15,0,"Enemy Action",4.28579416239976,23,7.2595664934204,67,1
20264.6221689184,33,33,33,33,"Enemy Action",7.09908160918651,23,7.09908160918651,173,0
34517.5446891427,7,7,7,7,"Enemy Action",6.79145234296729,23,17.8911608503637,37,0
35001.7453744839,2,2,2,2,"Explosive Hazard",2.21718078848823,23,13.0773108344803,196,0
8873.13685205564,1,3,19,3,"Enemy Action",7.64142495992332,23,11.4958796659177,148,1
36110.030249181,0,4,21,4,"Enemy Action",11.0572282615266,23,11.0572282615266,196,1
38079.1355112635,1,1,1,1,"Enemy Action",1.65590427796174,23,11.7465249798728,15,0
38633.5724714551,3,8,8,8,"Enemy Action",1.75607700918779,23,11.0395651969545,196,1
33278.7754722569,1,1,1,1,"Explosive Hazard",9.65944894212821,23,9.65944894212821,585,0
20228.4252960814,1,1,1,1,"Explosive Hazard",17.08855498172,23,56.1156524524109,2,0
29833.0100385054,2,2,2,2,"Explosive Hazard",28.3055490212468,23,54.5642331439153,0,0
8853.5167312345,6,8,8,8,"Explosive Hazard",3.37542631138325,23,29.5639907779243,2,1
3415.76012709932,1,2,2,2,"Explosive Hazard",8.63106302037957,23,39.9292879419991,551,1
21908.717969515,1,1,1,1,"Enemy Action",24.3869655577453,23,35.0496920257251,180,0
3990.46006506735,2,2,2,2,"Explosive Hazard",1.94054046944371,23,33.0727990186533,3310,0
8771.22142789155,0,4,4,4,"Enemy Action",3.23723216404563,23,29.824743429251,2,1
3890.98044325287,3,3,3,3,"Explosive Hazard",1.86464422737301,23,33.3135706436315,3310,0
91591.6926053678,2,3,3,3,"Enemy Action",36.7609210510014,23,49.0336095857595,1620,1
3921.85496771463,11,7,7,7,"Explosive Hazard",1.88494876935515,23,33.2332044948425,3310,1
3305.56771392015,0,6,6,6,"Explosive Hazard",6.93205852075512,23,34.8646543328314,18,1
27116.8712138572,6,3,3,3,"Enemy Action",8.09813204368787,23,63.6154150322954,23,1
18269.3798503696,1,3,3,3,"Explosive Hazard",16.6183060195008,23,54.7570028867599,16,1
533588.835612675,1,1,1,1,"Explosive Hazard",2.22279066617337,1,12.7599270759401,171,0
25300.5443399039,28,30,30,30,"Friendly Action",15.7126026501206,23,20.0912169961977,0,1
12677.7545602751,7,7,7,7,"Friendly Action",17.7425775201025,23,49.0440563555124,55,0
29379.6023474648,10,10,10,10,"Enemy Action",6.14824084846107,23,65.8754308255324,912,0
3588.792147723,2,2,2,2,"Explosive Hazard",3.49343093119662,23,32.9531492162774,426,0
14597.888551899,1,4,4,4,"Enemy Action",8.99666736032221,23,26.6799766086744,0,1
27869.6487159523,2,4,4,4,"Friendly Action",7.55696418824372,23,64.3569198709021,44,1
28953.1227741093,0,5,5,5,"Explosive Hazard",11.9905877753267,23,64.3749070512077,0,1
11133.9806165743,1,1,1,1,"Enemy Action",16.1622953029021,23,47.5584325622712,0,0
7155.25654427766,3,3,3,3,"Explosive Hazard",3.00441503596718,23,34.0960944201742,1,0
27855.5325245174,1,1,1,1,"Enemy Action",7.55480724083328,23,64.3440191455337,44,0
32309.0158207023,6,6,6,6,"Friendly Action",10.6995845030076,23,67.0487078644249,6,0
5022.09479200782,0,0,17,0,"Enemy Action",4.79122069512306,10,21.0238012931525,187,0
13685.0113346824,1,1,1,1,"Explosive Hazard",15.0813421650872,23,103.372584803404,0,0
81421.2469739028,0,3,3,3,"Explosive Hazard",16.6557041683705,23,40.2896065425892,110,1
14868.0362256079,0,1,1,1,"Enemy Action",2.54717682582652,2,39.7810405869479,16,1
19698.0848145341,1,1,1,1,"Explosive Hazard",7.03320268372199,2,39.3931785041507,194,0
14805.7966636278,5,3,3,3,"Enemy Action",5.2276508171092,2,37.9261383633788,436,1
21208.1519859905,0,10,10,10,"Enemy Action",9.15581264874516,2,39.8868679100727,334,1
3651.33050714908,19,19,19,19,"Enemy Action",9.24825007721059,4,9.24825007721059,4,0
8314.49845860625,1,1,1,1,"Enemy Action",29.9160901886911,30,37.9649548700313,22,0
3581.01039416732,8,4,4,4,"Explosive Hazard",3.2955497479841,1,3.2955497479841,499,1
56555.8970535084,5,5,5,5,"Explosive Hazard",15.6932392992664,24,15.6932392992664,1536,0
11496.4490785625,0,4,4,4,"Enemy Action",9.99881747671054,24,9.99881747671054,73,1
64028.3917909939,1,0,1,0,"Explosive Hazard",13.5621310963466,24,16.2237601378121,36,0
7263.55532588158,2,2,2,2,"Explosive Hazard",17.9313334976177,24,19.0737155318059,21,0
45518.1306927037,8,7,7,7,"Explosive Hazard",1.02909624114707,24,1.02909624114707,306,1
49557.575080211,0,1,1,1,"Explosive Hazard",7.10057536664972,24,7.10057536664972,146,1
9248.19451464468,2,2,2,2,"Explosive Hazard",13.476590375822,24,17.3572112106713,137,0
57247.5888963137,0,0,1,0,"Enemy Action",17.5782594694368,24,17.5782594694368,204,0
56959.1774757314,3,3,3,3,"Friendly Action",16.2316566813743,24,16.2316566813743,235,0
48334.3398971685,1,1,1,1,"Explosive Hazard",6.35708479277414,24,6.35708479277414,307,0
9543.4753582524,2,1,1,1,"Enemy Action",16.0754741769335,24,16.0754741769335,206,1
50121.0895992127,0,16,16,16,"Enemy Action",9.34296076691333,24,9.34296076691333,225,1
58861.2267106541,0,1,1,1,"Explosive Hazard",18.7899846967421,24,18.7899846967421,248,1
49939.1000329807,1,1,1,1,"Explosive Hazard",7.45956489807782,24,7.45956489807782,307,0
49399.8000920222,1,1,1,1,"Explosive Hazard",7.1760565641135,24,7.1760565641135,307,0
59433.9358866267,1,5,5,5,"Explosive Hazard",18.7016872315576,24,18.9574520843846,248,1
52276.2425730359,0,0,5,0,"Enemy Action",12.0800708916314,24,12.0800708916314,204,0
10769.0547930713,3,3,3,3,"Enemy Action",16.3947241184652,24,16.3947241184652,307,0
68908.6163478702,1,1,1,1,"Explosive Hazard",9.23771857741565,24,10.921773367778,34,0
73869.0284187659,4,4,4,4,"Explosive Hazard",6.45060357967576,24,6.45060357967576,266,0
7125.83468236491,1,1,1,1,"Explosive Hazard",17.9672985558365,24,19.0626786317119,1,0
59738.8472268366,4,4,4,4,"Explosive Hazard",18.3494107538633,24,19.331501292858,248,0
16182.2669605807,4,1,1,1,"Explosive Hazard",6.05853083141199,5,17.5331057413894,186,1
3930.17727483631,4,3,3,3,"Explosive Hazard",3.80061086900811,13,3.80061086900811,47,1
65440.7451947849,5,11,11,11,"Friendly Action",45.1607090452314,19,92.6433249926137,185,1
42299.8531697583,0,12,12,12,"Enemy Action",15.1548420286741,19,124.361978035729,49,1
81039.4561356558,3,3,3,3,"Explosive Hazard",46.3536247501103,19,90.1065603900586,89,0
71567.0470729358,5,3,3,3,"Enemy Action",38.2475686772078,25,84.3123242275348,91,1
32636.0936163582,1,1,1,1,"Explosive Hazard",25.8604754522618,25,78.6542661519135,12,0
54732.7395971828,25,0,24,24,"Enemy Action",24.8733982870858,25,78.8008817484152,6,1
39815.6185509417,1,2,2,2,"Explosive Hazard",9.90759825950965,25,66.9367464973505,0,1
55127.7805136456,15,20,20,20,"Enemy Action",33.1692910881768,25,89.7321197477287,13,1
30205.1953406867,2,3,3,3,"Explosive Hazard",22.4374862494687,25,40.5723525481003,0,1
78816.6952068325,4,4,4,4,"Enemy Action",42.6533859883444,25,67.2573904836758,11,0
54959.6450681327,1,2,2,2,"Enemy Action",19.0463112408422,25,55.7289647588705,13,1
55550.4238159454,4,7,7,7,"Explosive Hazard",30.3836036778363,25,86.1395577497465,6,1
70538.1217701125,43,43,43,43,"Enemy Action",40.861522762103,25,128.251417091026,83,0
16660.1743923349,2,1,1,1,"Enemy Action",20.4653810722995,25,64.2898998712528,16,1
58933.3152288747,1,1,1,1,"Enemy Action",42.4662431289761,25,126.611210420355,129,0
15840.6980667196,7,7,7,7,"Enemy Action",1.54860768390152,25,56.0558365099155,13,0
59697.827940486,1,1,1,1,"Enemy Action",4.70235593488785,6,12.6793267633767,632,0
52094.5034533586,1,1,1,1,"Explosive Hazard",10.6423393092361,6,20.0360416021681,51,0
47840.1380342192,2,6,6,6,"Enemy Action",47.1459381634834,6,100.389258238238,880,1
11747.7693733643,2,11,11,11,"Enemy Action",6.57648753088684,6,56.0160506597733,128,1
66591.9064739899,4,3,3,3,"Explosive Hazard",0.720087449385025,6,0.720087449385025,13457,1
59590.4214254002,3,2,2,2,"Explosive Hazard",22.1227160769342,6,23.4121566909984,53,1
83217.3826846041,1,3,3,3,"Enemy Action",3.03464725037679,6,20.3323216279027,151,1
43215.3836070739,0,0,20,20,"Explosive Hazard",9.17595450778691,6,21.1857703584609,128,0
70814.8339765624,3,3,3,3,"Explosive Hazard",7.1343569815834,6,24.8186389628111,708,0
71232.578128283,1,1,1,1,"Explosive Hazard",4.79881064402742,6,18.3791811691099,192,0
9831.73945216625,1,2,2,2,"Enemy Action",17.5866101235355,6,66.8023182386014,218,1
13580.6513774755,1,4,4,4,"Explosive Hazard",0.611899011848791,6,50.1817785871326,635,1
34917.5112028697,0,7,7,7,"Enemy Action",4.60720565440566,6,54.0894858255233,26,1
136287.099609113,11,4,4,4,"Friendly Action",183.17545330895,23,193.835323859827,0,1
135963.586533383,13,9,11,11,"Enemy Action",15.259329268708,23,56.8505424545397,149,1
21106.6012809907,3,0,41,41,"Enemy Action",34.5160387637453,23,45.1756605619927,522,0
52663.909852779,0,0,2,0,"Enemy Action",6.23478130407883,23,6.23478130407883,161,0
151992.787203581,0,15,15,15,"Enemy Action",9.2518042926294,23,79.0217320680925,80,1
105511.400515586,2,3,3,3,"Explosive Hazard",1.66034896632748,23,32.8936046049277,2477,1
162327.302552142,1,1,1,1,"Explosive Hazard",26.328490243066,23,92.0324860700243,2786,0
161123.391750782,2,2,2,2,"Explosive Hazard",26.1994495793739,23,90.7583432912904,37,0
163629.466248657,1,1,1,1,"Explosive Hazard",26.5254512818706,23,93.4073775659524,87,0
119298.209960146,0,1,1,1,"Explosive Hazard",18.5053921556804,23,48.2867071220938,49,1
48428.3019721379,6,5,5,5,"Explosive Hazard",9.73347662927682,23,9.73347662927682,81,1
146616.610537653,0,4,4,4,"Explosive Hazard",3.90635442400287,23,74.7174028493479,80,1
125453.008519417,0,1,1,1,"Explosive Hazard",17.8909318728303,23,53.2408135131042,1,1
117421.223700026,0,1,1,1,"Explosive Hazard",16.5706182255531,23,46.289919562204,49,1
40312.3570773097,1,1,1,1,"Explosive Hazard",17.4597067716337,23,20.1699957339216,40,0
168264.916813949,2,3,3,3,"Enemy Action",0.941445004617363,23,95.3431400019589,137,1
172151.490898999,0,1,1,1,"Enemy Action",1.73293030368113,23,99.3351232991291,6,1
33402.6021549087,3,3,3,3,"Explosive Hazard",41.7152565303553,23,43.2147044617825,0,0
179785.065246697,1,1,1,1,"Enemy Action",0.855770232641745,23,96.5846754096376,35,0
99936.5908416194,10,10,10,10,"Enemy Action",15.4842646804658,23,28.4342966261298,5,0
76373.095061001,2,2,2,2,"Enemy Action",3.22830527174817,23,9.19106920909988,196,0
161463.591362691,0,0,7,0,"Enemy Action",27.3368934293149,23,91.3068382129508,81,0
152622.871787337,2,2,2,2,"Explosive Hazard",2.30879034361772,24,10.2312288756533,0,0
248.337065523733,2,2,2,2,"Explosive Hazard",13.4685518838158,8,25.3693983714702,316,0
13481.3478764653,6,0,6,0,"Explosive Hazard",11.3805410580746,32,108.86897451332,77,0
8900.6670417534,2,5,5,5,"Explosive Hazard",12.7938943337241,32,104.285320090047,121,1
12676.5462909343,0,2,2,2,"Explosive Hazard",10.2140243470375,32,107.409072109274,141,1
98064.5030061129,3,5,5,5,"Explosive Hazard",6.97878631092367,29,53.1038219931089,121,1
28899.0342123432,7,6,6,6,"Enemy Action",16.9719169923963,23,56.3216431955107,2,1
29090.6146122981,1,1,1,1,"Explosive Hazard",17.08855498172,23,56.1156524524109,2,0
16132.2949861206,0,2,2,2,"Explosive Hazard",1.65658569104328,23,69.9222004584054,3283,1
52997.3715893367,7,0,20,0,"Enemy Action",23.3503340140416,23,87.9839242284115,94,0
59853.349833978,17,12,40,12,"Friendly Action",26.9459161189237,23,93.9660997161848,149,0
15088.9600683122,1,2,2,2,"Explosive Hazard",0.540360444148395,23,71.6689478063718,128,1
1031.33949016213,14,13,13,13,"Explosive Hazard",14.3939511631665,23,80.5284738106029,85,1
10530.8135801747,2,3,3,3,"Explosive Hazard",5.30681311197555,23,76.3155385553083,596,1
21402.0019259891,1,1,1,1,"Explosive Hazard",9.17339325784516,23,63.6750030954008,0,0
14922.8929524634,31,41,41,41,"Enemy Action",3.2936479908251,23,87.7040960304777,0,1
14992.5984742322,3,3,3,3,"Explosive Hazard",2.16350092142303,23,70.7672621751212,6,0
36974.2440026722,0,3,3,3,"Enemy Action",2.25011807994959,23,97.3412413154294,206,1
7666.61280229134,14,13,13,13,"Enemy Action",11.5168775701271,23,83.6863116378254,45,1
28145.2389364214,3,6,6,6,"Enemy Action",5.15423270268184,23,90.4910004428338,22,1
15932.6968474147,1,1,1,1,"Explosive Hazard",0.753032429105129,23,71.103859078967,80,0
17953.8925796255,3,4,4,4,"Explosive Hazard",3.77278142699362,23,67.7710085039461,805,1
34977.4445828879,1,1,1,1,"Explosive Hazard",19.6753150653095,23,50.1521819368897,533,0
22799.8212532482,1,22,22,22,"Enemy Action",19.7975076586879,29,123.124535983075,6,1
3235.52164981008,3,3,3,3,"Explosive Hazard",11.9174293475394,4,35.506132834904,177,0
17528.5906195871,1,1,1,1,"Enemy Action",17.3790119215025,4,38.7730616204539,326,0
10819.9091879713,4,4,4,4,"Explosive Hazard",10.7543333090411,4,18.4938210878949,736,0
10720.8551239379,12,4,4,4,"Enemy Action",20.0344352058051,4,36.1799885073049,79,1
114446.171160192,2,2,2,2,"Explosive Hazard",23.628721847041,29,129.180099576673,15,0
201299.999295194,1,1,1,1,"Explosive Hazard",107.000283000346,29,119.301718681236,9,0
72576.9900008056,2,0,7,7,"Enemy Action",3.00900010361539,29,75.6519333378715,0,0
43430.3088651708,5,5,5,5,"Friendly Action",9.28009097282918,7,51.9499995532968,67,0
1456.11018987101,18,14,14,14,"Enemy Action",4.58892881130862,7,46.328138408157,438,1
4751.68801233271,18,0,15,15,"Enemy Action",4.58892881130862,7,46.328138408157,438,1
30087.8426166003,0,0,2,0,"Explosive Hazard",4.7615069980837,7,56.4326153648237,145,0
4145.36544693502,4,0,4,0,"Explosive Hazard",4.93635254711531,7,45.5825598664551,141,0
43565.3765735712,6,3,3,3,"Friendly Action",14.3215731022346,7,82.0369568898226,10,1
37265.8303852546,12,0,12,12,"Friendly Action",8.29263001106141,7,82.1319025886326,64,0
13612.7224501957,0,3,3,3,"Enemy Action",53.0454030979818,24,71.7064067839433,14,1
90721.2416121557,0,3,3,3,"Enemy Action",7.2614105005377,24,7.2614105005377,307,1
21529.4741646457,11,34,40,34,"Enemy Action",47.2901076226206,24,81.9197644956724,2,1
1606.45275819217,5,3,3,3,"Enemy Action",40.9676015518281,24,59.6145825068868,5,1
3560.19323519067,0,63,63,63,"Enemy Action",46.9589656292822,24,65.6529556695492,15,1
33431.99225558,17,17,17,17,"Enemy Action",57.4034548137303,24,89.2378244623269,0,0
12798.8787652482,3,3,3,3,"Enemy Action",56.1356276585452,25,112.211096782101,0,0
266.286283266423,5,4,4,4,"Explosive Hazard",66.3614466999376,25,99.8701394576009,786,1
57415.3053680306,8,6,6,6,"Enemy Action",46.1559784458083,27,210.354129219841,1,1
85591.345229482,5,0,5,0,"Enemy Action",34.9973641331026,27,173.521373285649,16,0
29448.1983794956,0,6,6,6,"Enemy Action",3.4075186135948,32,102.919644218659,134,1
12334.045520913,2,0,2,0,"Explosive Hazard",14.7313145901557,29,61.1137493981736,44,0
56016.0686243109,1,1,1,1,"Enemy Action",20.4317796894068,17,28.468198934671,205,0
13013.702527904,5,5,5,5,"Explosive Hazard",17.2741525557279,20,108.106711018253,135,0
8885.87065030057,30,55,90,76,"Enemy Action",14.5635666901348,20,101.832543576746,0,1
19842.5757336517,2,2,2,2,"Explosive Hazard",1.52808565493701,20,102.431048121132,251,0
15866.1941195166,3,3,3,3,"Explosive Hazard",15.1273158194444,20,105.808812504517,505,0
18795.7341479622,2,3,3,3,"Enemy Action",0.65649240475198,20,100.946857274247,8,1
19870.4850646819,17,17,17,17,"Enemy Action",34.0126499436167,25,48.1424276239134,1,0
12252.3009409547,2,2,2,2,"Friendly Action",19.562063885519,25,38.5447382809832,118,0
63259.6129356779,1,0,1,0,"Explosive Hazard",7.7987817880844,1,9.96724359742346,776,0
4645.96286946493,3,9,9,9,"Explosive Hazard",91.1947894554036,24,91.1947894554036,16,1
3459.15133517308,8,4,4,4,"Enemy Action",20.5493445666719,7,70.841828862746,616,1
8434.72567512748,70,13,58,13,"Enemy Action",2.96532341559153,32,96.1091676560449,3,1
21816.1489075176,2,1,1,1,"Explosive Hazard",0.490898586231727,24,7.69444384426552,584,1
6475.66590192424,31,39,39,39,"Explosive Hazard",1.20917099972083,24,1.20917099972083,298,1
19003.7758030226,2,2,2,2,"Explosive Hazard",8.52429326992495,24,16.5817425258666,5,0
101406.890974252,4,0,4,0,"Explosive Hazard",1.27763209221898,24,1.27763209221898,888,0
171.013039753984,4,4,4,4,"Explosive Hazard",0.260492456880619,24,7.85250169056154,584,0
19260.7660692144,8,8,8,8,"Explosive Hazard",18.7456557315813,24,26.8523843561316,110,0
6750.97045915639,0,4,4,4,"Explosive Hazard",6.37966120365932,24,14.4235257141884,6,1
5390.31451595356,1,1,1,1,"Explosive Hazard",4.86677914192623,24,12.9948092102794,88,0
16951.7432533871,3,3,3,3,"Explosive Hazard",4.21420768983988,24,10.0670735956719,0,0
5489.68129001175,9,7,7,7,"Explosive Hazard",4.21420768983988,24,10.0670735956719,0,1
41131.5655258702,1,4,4,4,"Enemy Action",12.8369405288133,24,17.3028241329783,0,1
226.994617258938,2,2,2,2,"Explosive Hazard",0.18267521537238,24,7.86101804188251,2661,0
8260.37159909329,13,23,37,37,"Enemy Action",7.89802171755568,1,30.4774540392108,128,1
20016.7985399175,0,2,2,2,"Enemy Action",19.7807868926834,1,21.6764506790966,128,1
13118.3891470763,1,1,1,1,"Enemy Action",8.79786665078124,2,33.9880901043604,2784,0
6917.56017631308,1,1,1,1,"Explosive Hazard",7.94451083498492,2,37.3235578595142,749,0
8716.69793165016,12,12,12,12,"Friendly Action",7.76485862910489,2,36.2281262249659,828,0
9783.80817806003,0,6,6,6,"Enemy Action",6.52734670415187,2,36.7503084696202,705,1
16688.9696882477,0,6,6,6,"Enemy Action",5.92113036640243,2,32.2302923867046,536,1
7218.68605691226,0,4,4,4,"Enemy Action",6.14817360023094,2,38.7263816296317,37,1
8765.00387495433,2,2,2,2,"Explosive Hazard",0.908116487546318,32,111.276185573453,860,0
6757.17700427546,14,20,33,20,"Friendly Action",15.848973320231,32,110.185194019016,132,1
64334.0827555637,0,5,5,5,"Enemy Action",66.0884572092509,26,139.996302445347,41,1
5840.04883526271,2,2,2,2,"Explosive Hazard",6.15914270593281,26,114.931677203896,135,0
9979.71785860281,0,1,1,1,"Enemy Action",11.4170021865922,26,120.207869791094,45,1
236583.883025985,3,2,2,2,"Enemy Action",41.0046450030747,23,53.6340994135658,219,1
79052.2405846036,4,3,3,3,"Enemy Action",64.4130314503938,26,152.471297215106,479,1
11456.7693231117,15,17,17,17,"Enemy Action",13.2208758062029,26,116.110676927312,53,1
25494.2731812737,0,1,1,1,"Explosive Hazard",26.9412890236412,26,135.425892790742,12,1
53544.7190895223,0,13,13,13,"Explosive Hazard",37.4469254324704,26,146.973886965304,47,1
88340.012082426,4,3,3,3,"Enemy Action",55.7014783720527,26,152.596379488301,309,1
19248.8718694727,1,1,1,1,"Explosive Hazard",20.5089110708627,26,129.584579438625,0,0
18954.2982100726,1,1,1,1,"Explosive Hazard",20.7344848382008,26,121.176145997474,25,0
27806.6744079785,1,1,1,1,"Explosive Hazard",29.2987159533838,26,137.482760878422,132,0
8723.53790714014,17,20,32,20,"Enemy Action",2.64534074678056,29,93.8918797475042,142,1
14904.7307125511,22,27,27,27,"Enemy Action",3.64288230268479,29,92.4208143910546,128,1
22956.3013943338,0,3,3,3,"Enemy Action",10.070271359552,30,33.1536662752149,3,1
57621.0154719044,1,4,4,4,"Enemy Action",13.9512125818927,10,21.6529828555233,5,1
62122.4737729005,0,1,1,1,"Explosive Hazard",10.3862314964763,23,64.5827076471179,0,1
22393.6025611961,24,30,61,49,"Enemy Action",8.08294203937583,10,30.5546719083845,155,1
15911.9638044788,23,18,18,18,"Explosive Hazard",16.7737895485248,22,143.59347925599,1727,1
2219.57901913328,7,7,7,7,"Explosive Hazard",0.0935540241546946,22,160.395911102542,4840,0
2972.4107055043,1,1,1,1,"Explosive Hazard",1.50184164814704,22,159.358108647776,200,0
8673.70634828892,22,28,28,28,"Enemy Action",3.64288230268479,29,92.4208143910546,128,1
582.121367311004,0,3,3,3,"Friendly Action",0.0920858901091694,29,93.5918811736858,447,1
6481.66523975558,2,2,2,2,"Explosive Hazard",3.7244054517621,7,56.0222077513195,273,0
34786.2279375438,1,4,4,4,"Enemy Action",14.429915014744,7,77.75572037226,225,1
347.286524253106,2,0,2,0,"Explosive Hazard",4.23361600342185,7,59.455140731591,144,0
